sample_index,oracle_target_label,task_candidate,clip_candidate,transferred_clip_to_task_mass,baseline_output_first_order,candidate_output_first_order,baseline_feature_first_order,candidate_feature_first_order,candidate_minus_baseline_feature_first_order,oracle_usage
652,0,0,10,0.05254183440600434,-0.00031274949084675075,-0.0002692962151572713,-0.0002436584323452868,-0.00020968538858573283,3.397304375955397e-05,diagnostic_only_after_pair_neutralization_signal_lock
3030,0,0,5,0.08273984541665941,2.2088490749890087e-06,2.243146033809704e-06,1.8594049434451804e-06,1.8852941494742985e-06,2.5889206029118088e-08,diagnostic_only_after_pair_neutralization_signal_lock
3433,0,0,6,0.01251535925729419,0.00368779945763111,0.003691102804309497,0.002981533922180369,0.0029841117830547697,2.5778608744005463e-06,diagnostic_only_after_pair_neutralization_signal_lock
3588,0,6,0,0.49391543749621153,0.010534477654806595,0.006608101981177544,0.00885327881762719,0.005551669384558695,-0.0033016094330684956,diagnostic_only_after_pair_neutralization_signal_lock
3809,1,6,7,0.20894173229066945,0.004139747885272011,0.00337405860981839,0.0036732171351453852,0.0029852261082218357,-0.0006879910269235495,diagnostic_only_after_pair_neutralization_signal_lock
4044,1,6,7,0.18951650718307905,0.007246432182706139,0.006542500911363873,0.006122144122284016,0.005486995131009052,-0.0006351489912749635,diagnostic_only_after_pair_neutralization_signal_lock
4361,1,6,9,0.06361965693928862,0.0052078439001979554,0.004859117843942199,0.0038715715651552324,0.003576130893083918,-0.0002954406720713145,diagnostic_only_after_pair_neutralization_signal_lock
4402,1,6,9,0.36604781206129533,0.007108305016401034,0.004853125404461233,0.005716259391563182,0.0037770164469902376,-0.001939242944572944,diagnostic_only_after_pair_neutralization_signal_lock
4411,1,1,6,0.24952108286351,0.0008681869373393634,0.001184916203810257,0.0006482451257788938,0.0008444270795959311,0.0001961819538170373,diagnostic_only_after_pair_neutralization_signal_lock
4566,1,1,7,0.29066993770309335,0.0013173340985299597,0.0018968705123688884,0.0010717375116752388,0.0013939884363259633,0.00032225092465072453,diagnostic_only_after_pair_neutralization_signal_lock
4765,1,6,7,0.2225670676401719,0.005921225949870863,0.004871593985456618,0.004264695158528746,0.0033191256746356525,-0.0009455694838930938,diagnostic_only_after_pair_neutralization_signal_lock
4769,1,1,6,0.3079311030618167,-0.00020626212232843,0.0008704111219132594,0.0001985441731892339,0.0009341435236786394,0.0007355993504894055,diagnostic_only_after_pair_neutralization_signal_lock
4989,1,1,7,0.3424705025027446,-0.0008858429791701327,0.0003344322548298732,-0.0002950084962267624,0.00034544236339001584,0.0006404508596167782,diagnostic_only_after_pair_neutralization_signal_lock
5010,1,6,3,0.37704763040961253,0.0035813735040868583,0.002421410275701092,0.0027884666301699517,0.0018944431246048418,-0.0008940235055651098,diagnostic_only_after_pair_neutralization_signal_lock
5213,1,6,9,0.04246025286063923,0.0018799280310236573,0.0017981212432066785,0.0014538853844954193,0.0013882741769850905,-6.561120751032872e-05,diagnostic_only_after_pair_neutralization_signal_lock
5391,1,6,3,0.13908668714371022,0.004075304959066174,0.00346615569578659,0.0031669923501988894,0.002685121310708115,-0.0004818710394907744,diagnostic_only_after_pair_neutralization_signal_lock
5432,1,6,9,0.12914782995397425,0.0034692363880183936,0.0031521537653050255,0.00290380970441458,0.0026601048097956437,-0.0002437048946189362,diagnostic_only_after_pair_neutralization_signal_lock
5806,1,6,7,0.02906310718838115,0.0045894826587336915,0.004496113457383608,0.0034435311137809253,0.003358454487419664,-8.507662636126137e-05,diagnostic_only_after_pair_neutralization_signal_lock
5818,1,1,6,0.32381282426537633,0.0016097637156420172,0.002129381601357721,0.0010971339557210508,0.001410169302241053,0.00031303534652000206,diagnostic_only_after_pair_neutralization_signal_lock
5836,1,1,6,0.11641434192587452,0.004164231892607812,0.004342828133095285,0.002403721797792041,0.002527141692241821,0.0001234198944497799,diagnostic_only_after_pair_neutralization_signal_lock
5994,1,6,7,0.17515668480423194,0.0029788520734907336,0.002227251062772306,0.00233778701137332,0.0016613319785092312,-0.0006764550328640887,diagnostic_only_after_pair_neutralization_signal_lock
6148,1,3,7,0.37121751213787385,0.002352242198535318,0.001429968986758541,0.002303829499623009,0.0011861395419540898,-0.0011176899576689193,diagnostic_only_after_pair_neutralization_signal_lock
6185,1,6,9,0.4669685694220625,0.007462979862133111,0.004732844430820448,0.006064748056104629,0.0037187798734517456,-0.002345968182652883,diagnostic_only_after_pair_neutralization_signal_lock
6202,1,6,1,0.46720193687328115,0.01003280403022497,0.005127858248092254,0.007427712193574906,0.004049176394189895,-0.0033785357993850107,diagnostic_only_after_pair_neutralization_signal_lock
6246,1,1,7,0.08172063309178934,0.0026484874789869783,0.00287256759468048,0.0021531809613189543,0.00227560908441756,0.00012242812309860547,diagnostic_only_after_pair_neutralization_signal_lock
6308,1,1,7,0.016778361095246386,0.0010833703501471569,0.0011493302442488061,0.0009350555968641006,0.000972619484607965,3.756388774386432e-05,diagnostic_only_after_pair_neutralization_signal_lock
6313,1,6,7,0.24985705427494884,0.006045517553747668,0.004504519701918247,0.004923320365099658,0.0035387193010894546,-0.0013846010640102034,diagnostic_only_after_pair_neutralization_signal_lock
6324,1,6,3,0.40278876857210455,0.009294901721980579,0.006997731005112626,0.008304541868371552,0.0064162799649111445,-0.0018882619034604076,diagnostic_only_after_pair_neutralization_signal_lock
6340,1,1,9,0.2393565815238624,5.1837674204033665e-05,0.0009786528967008071,0.00048205968593172555,0.0010449777371147866,0.0005629180511830611,diagnostic_only_after_pair_neutralization_signal_lock
6599,1,6,7,0.13622596681793103,0.005763373032809475,0.0049904602127856575,0.004628614404501834,0.003932984414716554,-0.0006956299897852795,diagnostic_only_after_pair_neutralization_signal_lock
6904,1,1,6,0.00855770291248173,4.904768230689927e-05,8.480029213234601e-05,0.0003340016026063572,0.0003527736564179596,1.8772053811602434e-05,diagnostic_only_after_pair_neutralization_signal_lock
6914,1,1,7,0.2098639797661641,-0.0003667528034300598,0.00044835931423509347,0.0001796220477654937,0.0006489746772738465,0.00046935262950835275,diagnostic_only_after_pair_neutralization_signal_lock
8151,2,2,7,0.23559372636832016,-0.0006944346085396959,-0.00012336538799899598,-0.0008001516807121928,-0.00019450904134281355,0.0006056426393693793,diagnostic_only_after_pair_neutralization_signal_lock
8431,2,2,7,0.19239009343518143,0.003209221607507054,0.0033440744832861488,0.003066020225075651,0.003209959516804562,0.00014393929172891104,diagnostic_only_after_pair_neutralization_signal_lock
9481,2,10,7,0.1449177438799603,0.0040805453230816375,0.0033009501603460797,0.004219787655687899,0.0034036357584087628,-0.0008161518972791362,diagnostic_only_after_pair_neutralization_signal_lock
9561,2,3,7,0.2003236830295199,0.005140792394065697,0.004541579202754074,0.005095157181089609,0.004556284226920561,-0.0005388729541690477,diagnostic_only_after_pair_neutralization_signal_lock
9612,2,3,7,0.1272186164170925,0.008127955677959191,0.007459567264358532,0.008086557367324377,0.007470720959019928,-0.0006158364083044491,diagnostic_only_after_pair_neutralization_signal_lock
9810,2,3,7,0.2548819200325644,0.004936051358918035,0.0039498208130297335,0.004359628137313342,0.003487572218608688,-0.0008720559187046541,diagnostic_only_after_pair_neutralization_signal_lock
10643,2,10,1,0.041037349210289537,0.005331407154409822,0.005135678777213133,0.005363544861086256,0.005123903880785595,-0.00023964098030066112,diagnostic_only_after_pair_neutralization_signal_lock
10740,2,10,9,0.10091658233512935,0.0019810254299448744,0.0016683818685923409,0.0019445369108281058,0.0015985073586213781,-0.0003460295522067277,diagnostic_only_after_pair_neutralization_signal_lock
10813,2,3,7,0.20769232496934897,0.001842261515143961,0.0014348948725878465,0.0014652138412077041,0.0011526229419351395,-0.0003125908992725646,diagnostic_only_after_pair_neutralization_signal_lock
10870,2,3,2,0.39280387534498096,0.010421273614937802,0.005613338276140179,0.010009491398384768,0.00540752127541742,-0.0046019701229673485,diagnostic_only_after_pair_neutralization_signal_lock
10996,2,3,7,0.17807481751308227,0.008662969659808685,0.007838563075032529,0.0087186628973409,0.007952076318551757,-0.000766586578789143,diagnostic_only_after_pair_neutralization_signal_lock
11070,2,6,10,0.1397229817355451,0.009372730370661421,0.00850337354091413,0.009170537171314176,0.008250471083751466,-0.0009200660875627095,diagnostic_only_after_pair_neutralization_signal_lock
11094,2,2,10,0.035663036705971984,0.001546385705550978,0.0017425526973455104,0.0015579995924358187,0.0017619118818397457,0.00020391228940392692,diagnostic_only_after_pair_neutralization_signal_lock
11171,2,2,7,0.040236456623748224,0.00016610422620324616,0.0002750961096703909,0.00020827695276789303,0.00031788728165639004,0.000109610328888497,diagnostic_only_after_pair_neutralization_signal_lock
11670,2,3,10,0.33587705793042366,0.008160999310068038,0.006287744072266262,0.007992522574071143,0.006276984371968499,-0.0017155382021026445,diagnostic_only_after_pair_neutralization_signal_lock
11763,2,3,2,0.4983427714507171,0.012465374968603742,0.006238669410629243,0.011896538898137231,0.005953808228746356,-0.005942730669390875,diagnostic_only_after_pair_neutralization_signal_lock
11840,3,3,7,0.19578547233064963,-6.405838948247886e-06,1.056680934588101e-06,-7.875173397172261e-06,-4.3251566729947757e-07,7.442657729872784e-06,diagnostic_only_after_pair_neutralization_signal_lock
11858,3,3,7,0.21819228243430638,0.001109263551336758,0.002210178897077448,0.0009246382700192076,0.0020592826941849317,0.001134644424165724,diagnostic_only_after_pair_neutralization_signal_lock
11886,3,6,11,0.10130957604983598,0.0031508817333043087,0.0029534917039487586,0.0033602160055103956,0.0031404287346456774,-0.00021978727086471818,diagnostic_only_after_pair_neutralization_signal_lock
11892,3,3,7,0.21649442904597574,0.0015598933255150619,0.002355593712200849,0.0010986018133365863,0.001877237777539631,0.0007786359642030446,diagnostic_only_after_pair_neutralization_signal_lock
11896,3,3,7,0.037537656280315856,-0.0004287395951772827,-0.0003816233357914439,-0.0004391779220289817,-0.00039265068758853047,4.652723444045125e-05,diagnostic_only_after_pair_neutralization_signal_lock
11899,3,3,7,0.38030653348999094,0.0005111677703309193,0.0011947630082078827,0.00042520254100626167,0.0011093735432872597,0.000684171002280998,diagnostic_only_after_pair_neutralization_signal_lock
11912,3,6,7,0.29863445962501417,-0.00022982204665214848,-0.0009149140738159056,-0.00035404380801243784,-0.000918272957634276,-0.0005642291496218381,diagnostic_only_after_pair_neutralization_signal_lock
11931,3,6,7,0.32467290148540345,0.006106102713145505,0.0040777094080958745,0.005380536489171904,0.003666585963592584,-0.0017139505255793202,diagnostic_only_after_pair_neutralization_signal_lock
11945,3,3,7,0.4372158059388817,-0.0001625626556918578,-7.626582406377767e-05,-0.00016040630841720368,-7.488910515276187e-05,8.55172032644418e-05,diagnostic_only_after_pair_neutralization_signal_lock
11982,3,3,7,0.33455249169593904,-0.0003566388920916622,-0.0002146074854755784,-0.00035759268503912325,-0.00021334815712777984,0.0001442445279113434,diagnostic_only_after_pair_neutralization_signal_lock
12000,3,3,7,0.10597224073228245,-0.00011258670269326817,-8.851355295108902e-05,-0.00011282631445756985,-8.801477533722685e-05,2.4811539120343003e-05,diagnostic_only_after_pair_neutralization_signal_lock
12012,3,2,3,0.1491137930406766,0.004839192453883921,0.003380897830819093,0.004703865685109504,0.003320194912838673,-0.0013836707722708307,diagnostic_only_after_pair_neutralization_signal_lock
12019,3,3,7,0.15706827109301064,-7.906953903189692e-05,-5.82188053171462e-05,-7.560174506795373e-05,-5.420013524067859e-05,2.1401609827275138e-05,diagnostic_only_after_pair_neutralization_signal_lock
12027,3,3,7,0.2523367976003199,0.00582590791540907,0.005888302303627486,0.004654172730790046,0.00471680950155395,6.263677076390368e-05,diagnostic_only_after_pair_neutralization_signal_lock
12040,3,4,7,0.24705983048763308,0.003978403609937489,0.0032644993366917484,0.00282666567911886,0.0024663617727556817,-0.00036030390636317827,diagnostic_only_after_pair_neutralization_signal_lock
12098,3,3,7,0.4139248771038134,0.0003951140244619395,0.0004963778972955802,0.0002644788570944189,0.0003679643865659482,0.00010348552947152934,diagnostic_only_after_pair_neutralization_signal_lock
12108,3,3,7,0.03900589883773131,0.002944717220955509,0.0029540194343941604,0.0025449361731934572,0.002554485158953084,9.548985759626986e-06,diagnostic_only_after_pair_neutralization_signal_lock
12250,3,3,7,0.027872442323148228,-0.0001619424716181473,-0.00015326705696730415,-0.00015987675292136508,-0.00015100524139443676,8.871511526928322e-06,diagnostic_only_after_pair_neutralization_signal_lock
12284,3,3,2,0.06448850343286716,-1.1034430338981634e-05,-9.965253116127123e-06,-9.7971130602908e-06,-8.855979079985869e-06,9.411339803049304e-07,diagnostic_only_after_pair_neutralization_signal_lock
12311,3,3,4,0.08294584617329853,0.0020966136604106513,0.002299823925867482,0.00208336321018424,0.0022808353938982215,0.00019747218371398128,diagnostic_only_after_pair_neutralization_signal_lock
12396,3,11,3,0.07025412357249627,0.006995891302725846,0.006267613414154136,0.006371096646435986,0.005712184427912024,-0.0006589122185239622,diagnostic_only_after_pair_neutralization_signal_lock
12468,3,6,7,0.11993805201665964,-0.00040906632853786545,-0.0007929442135574704,-0.0005667870987919258,-0.0008877981056772714,-0.00032101100688534554,diagnostic_only_after_pair_neutralization_signal_lock
12485,3,3,7,0.24093204492101417,0.00010420336451476542,0.0001207170433409669,9.799143545424847e-05,0.00011436289724351389,1.637146178926542e-05,diagnostic_only_after_pair_neutralization_signal_lock
12500,3,3,7,0.23235624559704712,0.0002429011158660952,0.0006744197237332139,0.0001357020090172247,0.0005747972493168408,0.00043909524029961606,diagnostic_only_after_pair_neutralization_signal_lock
12563,3,3,2,0.10271365958902001,-0.00018177928537862716,-3.279254534088147e-05,-8.761664445251946e-05,4.5827105292535053e-05,0.00013344374974505452,diagnostic_only_after_pair_neutralization_signal_lock
12597,3,3,7,0.2355494911114493,0.0010230916846279948,0.0016561118511689407,0.0009907287622183904,0.0016364105895866686,0.0006456818273682782,diagnostic_only_after_pair_neutralization_signal_lock
12615,3,3,4,0.06994505458111394,-0.0005351419285471502,-0.0003718464722328162,-0.000454877615519532,-0.00030864827766534565,0.00014622933785418636,diagnostic_only_after_pair_neutralization_signal_lock
12665,3,3,11,0.013630826381484773,0.002513254869105693,0.002553010121201607,0.002496848561795221,0.002530459409765836,3.3610847970615056e-05,diagnostic_only_after_pair_neutralization_signal_lock
12678,3,3,7,0.30401607421369425,-0.0012084792163619936,-0.0004759379523408188,-0.001273359414685244,-0.0005108476952840162,0.0007625117194012278,diagnostic_only_after_pair_neutralization_signal_lock
12712,3,2,11,0.24205448973107133,0.005804149234192245,0.005129030847478063,0.0057004274971753175,0.004969058035400519,-0.0007313694617747989,diagnostic_only_after_pair_neutralization_signal_lock
12714,3,11,3,0.054348015935809124,0.008177669875629855,0.007535106427221783,0.007428410454978871,0.006846101118617422,-0.0005823093363614496,diagnostic_only_after_pair_neutralization_signal_lock
12730,3,3,7,0.11738233445399776,-0.00048008681527408756,-0.0003950231804822711,-0.0004666314100281939,-0.0003788341363821064,8.779727364608753e-05,diagnostic_only_after_pair_neutralization_signal_lock
12747,3,3,7,0.42731801189501234,0.0004723970406127451,0.0020111729179961933,3.2150317750050374e-05,0.0015965875902493071,0.0015644372724992568,diagnostic_only_after_pair_neutralization_signal_lock
12767,3,3,7,0.11195133128376605,0.0009699005459529366,0.0011927480563366727,0.0007559948979970276,0.0009814295523981249,0.00022543465440109727,diagnostic_only_after_pair_neutralization_signal_lock
12772,3,3,7,0.33150704422804633,0.00019969233286857218,0.0009018738201531214,-0.00011794110377514869,0.0006018432248099798,0.0007197843285851285,diagnostic_only_after_pair_neutralization_signal_lock
12814,3,3,7,0.2183218468556707,0.00025414488212072064,0.0008815595364099365,-0.00022596648563265694,0.00041980618702696054,0.0006457726726596174,diagnostic_only_after_pair_neutralization_signal_lock
12823,3,3,4,0.09955555036506374,-2.019269599791296e-05,-1.759005838910092e-05,-1.924402096926458e-05,-1.677995392884381e-05,2.46406704042077e-06,diagnostic_only_after_pair_neutralization_signal_lock
12832,3,2,7,0.10622681802463313,0.003245451650214755,0.0030097088262201355,0.0027776852767104334,0.002600115313127196,-0.00017756996358323732,diagnostic_only_after_pair_neutralization_signal_lock
12862,3,3,7,0.21609325735402435,-0.00032788188644272497,-0.00023487233429488432,-0.0003246457643051818,-0.00023194798550823847,9.269777879694331e-05,diagnostic_only_after_pair_neutralization_signal_lock
13047,3,3,7,0.44614575880095153,-0.00010120993481541724,-5.197619920623004e-05,-0.00010325727355953108,-5.2919092638338894e-05,5.033818092119219e-05,diagnostic_only_after_pair_neutralization_signal_lock
13071,3,3,6,0.13271870820778808,0.00013183252683828065,0.0004949644435381517,1.936208384944466e-05,0.00036767528180581797,0.0003483131979563733,diagnostic_only_after_pair_neutralization_signal_lock
13077,3,6,7,0.12698039112998327,0.008132524166027177,0.007421233550185393,0.006797055589374766,0.006198991135555372,-0.0005980644538193941,diagnostic_only_after_pair_neutralization_signal_lock
13087,3,6,3,0.05198552003322002,0.0044166383596092535,0.0039491070313189365,0.004151045915752536,0.0037146420173036453,-0.00043640389844889094,diagnostic_only_after_pair_neutralization_signal_lock
13118,3,3,7,0.29817467589379804,0.0027210823519591507,0.003100182195183241,0.0025471296012719016,0.002937365063790646,0.0003902354625187443,diagnostic_only_after_pair_neutralization_signal_lock
13207,3,3,6,0.01985525650652009,0.0003437739322909325,0.0004419448153644646,0.00023825139118300836,0.0003307365629937477,9.248517181073933e-05,diagnostic_only_after_pair_neutralization_signal_lock
13270,3,3,7,0.22625635589693094,0.0008928773349402375,0.0018465276236737426,0.00045692951136383004,0.0014276016091100529,0.0009706720977462229,diagnostic_only_after_pair_neutralization_signal_lock
13321,3,0,7,0.18635839725343356,0.005474788583017777,0.004416401500368766,0.004359056146383579,0.0035766003476800498,-0.0007824557987035291,diagnostic_only_after_pair_neutralization_signal_lock
13327,3,3,2,0.2952645761760828,-0.0007455285962599944,0.0003567611176298369,-0.0006757047887217843,0.00035009035007526907,0.0010257951387970534,diagnostic_only_after_pair_neutralization_signal_lock
13374,3,2,7,0.2919758805626828,0.005078199362736062,0.003919468112397428,0.0048614067819906705,0.003780931909429891,-0.0010804748725607794,diagnostic_only_after_pair_neutralization_signal_lock
13417,3,6,7,0.2633429600829551,0.005213147396234163,0.003958178353777238,0.00464694614568407,0.003606846541980165,-0.0010400996037039046,diagnostic_only_after_pair_neutralization_signal_lock
13427,3,3,7,0.3681565379447474,0.0022646201922226768,0.0033881280065005924,0.001937576255862067,0.0030311558783252734,0.0010935796224632063,diagnostic_only_after_pair_neutralization_signal_lock
13432,3,3,7,0.2525540148391951,-0.00016240674464242523,-4.3047442240208175e-05,-0.00018061518892301847,-5.841973907998521e-05,0.00012219544984303326,diagnostic_only_after_pair_neutralization_signal_lock
13451,3,3,7,0.44578703434198724,-0.0003945538886011127,0.0013786409778666871,-0.0007617087452990838,0.0010483688534935203,0.001810077598792604,diagnostic_only_after_pair_neutralization_signal_lock
13457,3,3,7,0.051078622450854205,0.001345507362105972,0.0014435157645515933,0.0011202338133693493,0.0012219484077453553,0.00010171459437600602,diagnostic_only_after_pair_neutralization_signal_lock
13524,3,3,2,0.04418472450497629,-3.6500342087970655e-05,0.00010681937046272974,6.93004733901397e-05,0.00019741877180020392,0.00012811829841006422,diagnostic_only_after_pair_neutralization_signal_lock
13526,3,2,7,0.017051828291021837,0.003264865174622613,0.003179147294769013,0.003142945456040838,0.003061686507569295,-8.125894847154334e-05,diagnostic_only_after_pair_neutralization_signal_lock
13560,3,3,6,0.2711424066951837,-0.000318703583608276,-0.00019260306818876145,-0.0003023046216079178,-0.00018424357320947072,0.00011806104839844707,diagnostic_only_after_pair_neutralization_signal_lock
13615,3,3,7,0.39086988262873334,0.0013251842836979417,0.0022364820703380407,0.001108175169945357,0.002041547948484262,0.000933372778538905,diagnostic_only_after_pair_neutralization_signal_lock
13636,3,6,7,0.2862964333096228,0.0005735124155376156,-0.000370485007372837,0.0003369806212363598,-0.0004550378061163136,-0.0007920184273526735,diagnostic_only_after_pair_neutralization_signal_lock
13704,3,3,7,0.0355432019395259,-0.0006227974845334269,-0.000581344633178692,-0.0005987222307512846,-0.0005564117702480237,4.23104605032609e-05,diagnostic_only_after_pair_neutralization_signal_lock
13805,3,3,7,0.1591188326439862,8.60325525322322e-06,9.579890372087488e-06,8.042932155484127e-06,9.050335828725483e-06,1.007403673241356e-06,diagnostic_only_after_pair_neutralization_signal_lock
13890,3,3,7,0.2644564205136981,-0.0007274941937665141,0.00021392345602031692,-0.0008993542492565898,0.00010719362239000104,0.0010065478716465908,diagnostic_only_after_pair_neutralization_signal_lock
13954,3,3,7,0.19351935895563666,0.00570428833010514,0.005760115158050354,0.005357516471064486,0.005414165597639708,5.664912657522229e-05,diagnostic_only_after_pair_neutralization_signal_lock
14011,3,6,7,0.3302282648249498,0.0005697833670209863,-0.00013699030959914892,0.00026808822223981996,-0.0002797527478064036,-0.0005478409700462235,diagnostic_only_after_pair_neutralization_signal_lock
14029,3,3,7,0.1104256223978024,0.0011245626136292173,0.0011306372584325665,0.0009729383826734656,0.000979209570563917,6.271187890451429e-06,diagnostic_only_after_pair_neutralization_signal_lock
14054,3,3,7,0.1864226291749703,-0.0005454188060210669,-5.006274112439853e-05,-0.0007318613360384764,-0.00022765614642279643,0.00050420518961568,diagnostic_only_after_pair_neutralization_signal_lock
14075,3,3,7,0.40001972879620057,0.0031647716521732445,0.0032037398237050197,0.0029862007152886365,0.0030263024693342353,4.0101754045598816e-05,diagnostic_only_after_pair_neutralization_signal_lock
14090,3,3,7,0.03585078871873976,0.00016853348064519612,0.00018250610566985568,0.0001298448545995519,0.00014410896748864665,1.4264112889094744e-05,diagnostic_only_after_pair_neutralization_signal_lock
14187,3,3,11,0.0032646494144346616,0.0024834115116746346,0.0024835480817090804,0.0023430886730247498,0.002343210582318743,1.2190929399302775e-07,diagnostic_only_after_pair_neutralization_signal_lock
14219,3,3,7,0.2686641454863986,-0.0004349034679203995,0.0005820915479520019,-0.0004991640771137745,0.0004922069872990973,0.0009913710644128717,diagnostic_only_after_pair_neutralization_signal_lock
14283,3,3,7,0.14808037411093802,0.002943471063740286,0.0029828119927320525,0.0023593900690156103,0.0023994102395004067,4.0020170484796405e-05,diagnostic_only_after_pair_neutralization_signal_lock
14319,3,3,7,0.23430457505476973,-0.0004971635289208973,-4.0903605819872524e-05,-0.0005414337985238879,-7.871981699065254e-05,0.00046271398153323534,diagnostic_only_after_pair_neutralization_signal_lock
14565,3,3,7,0.20252937461244375,0.00019589997282719882,0.001032785166894686,0.0001045117212902138,0.0009384981797147583,0.0008339864584245445,diagnostic_only_after_pair_neutralization_signal_lock
14582,3,3,7,0.09979042236945515,-2.914244654890761e-07,-2.598543450579515e-07,-2.711352412892556e-07,-2.395099780209159e-07,3.162526326833966e-08,diagnostic_only_after_pair_neutralization_signal_lock
14637,3,3,7,0.24135492662805594,-0.0006741318798815348,-0.00028083031827802745,-0.0006614618730156974,-0.000267561686253371,0.0003939001867623264,diagnostic_only_after_pair_neutralization_signal_lock
14639,3,6,7,0.32760664501717507,0.00339427278294226,0.0025186347632396642,0.002915561523482173,0.0022223832531036375,-0.0006931782703785356,diagnostic_only_after_pair_neutralization_signal_lock
14683,3,3,7,0.315732567932178,0.0003413226675178483,0.0009820829102638328,0.00027867689106028735,0.0009360879251850504,0.000657411034124763,diagnostic_only_after_pair_neutralization_signal_lock
14792,3,3,7,0.19199565728335913,-3.5644892544321796e-05,-2.7259233564969822e-05,-3.5171269562509175e-05,-2.6576153727229132e-05,8.595115835280043e-06,diagnostic_only_after_pair_neutralization_signal_lock
14813,3,10,3,0.12687855855736418,0.005629057162507935,0.004217731321363135,0.005902754226492685,0.004469024714865618,-0.001433729511627067,diagnostic_only_after_pair_neutralization_signal_lock
14828,3,3,7,0.1283332958968271,0.0012959317743430872,0.001692506821626904,0.0008207049379173952,0.0012306707785099472,0.00040996584059255193,diagnostic_only_after_pair_neutralization_signal_lock
14877,3,3,7,0.2607829335540759,-0.0005207062760898133,-5.826102520274156e-05,-0.0006059633082427047,-0.00013233070338624357,0.0004736326048564612,diagnostic_only_after_pair_neutralization_signal_lock
14923,3,3,10,0.06256131685953936,0.0011251626496060242,0.0011294235845026215,0.0009839101491745533,0.000988055085251715,4.144936077161727e-06,diagnostic_only_after_pair_neutralization_signal_lock
15013,3,3,7,0.0704455910036283,-9.404899182792161e-05,-8.09669989343588e-05,-9.503030420238034e-05,-8.155133960681307e-05,1.3478964595567275e-05,diagnostic_only_after_pair_neutralization_signal_lock
15057,3,3,7,0.434349703997623,-0.00038020064438488277,0.0007222455275512731,-0.0005898671078413253,0.0005370412922418443,0.0011269084000831695,diagnostic_only_after_pair_neutralization_signal_lock
15183,3,3,7,0.0036912053248096544,0.003401691438987851,0.003405384896570677,0.0031196944484725587,0.0031234717652084223,3.7773167358636124e-06,diagnostic_only_after_pair_neutralization_signal_lock
15234,3,3,4,0.2667236824375363,-0.00013438372387260543,0.00015060357483198626,-0.00010881691277699942,0.00015290480046205264,0.00026172171323905204,diagnostic_only_after_pair_neutralization_signal_lock
15265,3,3,6,0.34278165424282653,0.002764165065963005,0.002967702548849888,0.002702985855559911,0.002899346704417241,0.00019636084885732994,diagnostic_only_after_pair_neutralization_signal_lock
15412,3,6,3,0.4700829409646719,0.010168151169677954,0.005196545039042675,0.009439541242411933,0.00478963203373483,-0.004649909208677103,diagnostic_only_after_pair_neutralization_signal_lock
15425,3,6,7,0.2322572790818818,0.006990050507589981,0.0057063271946384735,0.006354047644563653,0.005274963283823895,-0.0010790843607397585,diagnostic_only_after_pair_neutralization_signal_lock
15439,3,6,7,0.053387570003178064,0.0009423894991824314,0.0008105738221128782,0.0006913575481139812,0.0005927273170024527,-9.86302311115284e-05,diagnostic_only_after_pair_neutralization_signal_lock
15638,3,11,0,0.29577633593166675,0.00458511407767346,0.0035167678920278297,0.004566513786677388,0.0034875615075207495,-0.0010789522791566381,diagnostic_only_after_pair_neutralization_signal_lock
15651,3,3,7,0.06153635699639709,0.00144014032689774,0.0015947889023728077,0.0010032520155645497,0.0011599129002366772,0.00015666088467212753,diagnostic_only_after_pair_neutralization_signal_lock
15687,3,3,0,0.13738131864843478,-6.418654953137368e-05,-5.0763052238915255e-05,-6.257298529748344e-05,-4.960178193688315e-05,1.2971203360600286e-05,diagnostic_only_after_pair_neutralization_signal_lock
15718,3,3,7,0.09197567215929428,-0.000252039912827379,-0.00020112468082631515,-0.0002510529356255223,-0.0001989035204838766,5.21494151416457e-05,diagnostic_only_after_pair_neutralization_signal_lock
15739,3,3,7,0.3186909425867855,0.0021494960612255037,0.003624923001296411,0.0019172734676003431,0.0032664829071714172,0.001349209439571074,diagnostic_only_after_pair_neutralization_signal_lock
15760,3,3,11,0.29766348269748644,0.012156330176384476,0.013198478852158513,0.01101598652163556,0.011935069354308575,0.0009190828326730155,diagnostic_only_after_pair_neutralization_signal_lock
15798,3,2,3,0.3049525589310206,0.006171585548686506,0.003623550992222566,0.005991679494838199,0.0035733377576678002,-0.0024183417371703986,diagnostic_only_after_pair_neutralization_signal_lock
15802,3,3,7,0.04789698569219969,0.0017988220045390406,0.0020075906266117482,0.001386513605235604,0.0016042847089275459,0.00021777110369194182,diagnostic_only_after_pair_neutralization_signal_lock
15870,3,6,7,0.16720847256180524,0.004094302417921311,0.003491655682527464,0.003690346309679209,0.0031893025991553644,-0.0005010437105238447,diagnostic_only_after_pair_neutralization_signal_lock
15926,3,6,7,0.20779256853267572,0.0031752617354421147,0.0022713019794532905,0.002807446324173419,0.002051870271824094,-0.000755576052349325,diagnostic_only_after_pair_neutralization_signal_lock
15927,3,3,11,0.08667251805541631,-5.598831296709358e-06,-4.811000702406221e-06,-4.980459339838929e-06,-4.269747752412792e-06,7.107115874261376e-07,diagnostic_only_after_pair_neutralization_signal_lock
15996,3,6,3,0.09287524428250746,0.005481763397372453,0.0044179230859875684,0.005165203453103756,0.004169312069606854,-0.0009958913834969023,diagnostic_only_after_pair_neutralization_signal_lock
16039,3,3,7,0.24130519426434746,0.00203162201223965,0.0026255013534583517,0.0016933274164672124,0.0023169170683968233,0.0006235896519296109,diagnostic_only_after_pair_neutralization_signal_lock
16086,3,3,1,0.2909096598118134,0.002335925900867418,0.0027511687286799324,0.002147047671376933,0.0025637080898166208,0.00041666041843968797,diagnostic_only_after_pair_neutralization_signal_lock
16373,3,6,7,0.3036760990483341,0.0028722830544302114,0.0019294934811728993,0.002466581011036752,0.0017368220854515207,-0.0007297589255852313,diagnostic_only_after_pair_neutralization_signal_lock
16404,3,3,7,0.2753418395886083,-6.330128457544345e-05,-4.066032767813621e-05,-6.369087243319175e-05,-4.074993605072848e-05,2.2940936382463275e-05,diagnostic_only_after_pair_neutralization_signal_lock
16464,3,3,11,0.21567399195525166,0.0005313176066521129,0.0005339142124381556,0.000491653401552554,0.0004939264989347379,2.2730973821839242e-06,diagnostic_only_after_pair_neutralization_signal_lock
16493,3,3,7,0.24338650828924022,0.0012629612326281697,0.002173270795456515,0.0008556709959317352,0.001799773670524534,0.0009441026745927989,diagnostic_only_after_pair_neutralization_signal_lock
16511,3,3,7,0.2123210429059192,-0.0007294646733917647,-0.00020148084630234383,-0.0007926265971698674,-0.00024600656459105913,0.0005466200325788083,diagnostic_only_after_pair_neutralization_signal_lock
16518,3,3,7,0.20979441699349938,0.000997205119063086,0.001630828041571701,0.0008414682806852649,0.001496991286808001,0.0006555230061227361,diagnostic_only_after_pair_neutralization_signal_lock
16522,3,3,7,0.003573570841134799,-0.00014701835890585283,-0.00014610543892381686,-0.00014216405304754565,-0.00014124648278866482,9.175702588808251e-07,diagnostic_only_after_pair_neutralization_signal_lock
16613,3,3,7,0.2195078833422443,0.00036168368072977107,0.0010494023587203057,0.00018172558360083266,0.0008856083587769203,0.0007038827751760876,diagnostic_only_after_pair_neutralization_signal_lock
16619,3,3,7,0.2755465704385156,0.0003333414357297248,0.00035801958765789815,0.0003002081842225143,0.0003254112133192314,2.5203029096717124e-05,diagnostic_only_after_pair_neutralization_signal_lock
16688,3,3,7,0.33002210435032553,0.0018132063919379367,0.0018221492049334458,0.001681281164127696,0.0016901821304643129,8.900966336616899e-06,diagnostic_only_after_pair_neutralization_signal_lock
16805,3,3,10,0.051102321110735205,0.0013807244798736888,0.0015473052031481015,0.0008314401701075093,0.0009969811795305324,0.00016554100942302319,diagnostic_only_after_pair_neutralization_signal_lock
16813,3,6,4,0.31379451335031094,0.0027013054357677255,0.0013707578150078414,0.0021417935185014158,0.0009954202159539456,-0.0011463733025474702,diagnostic_only_after_pair_neutralization_signal_lock
16831,3,3,7,0.24089874902927064,0.000935693699122714,0.0013619634143533627,0.0007547360208288738,0.0011765672800464633,0.00042183125921758957,diagnostic_only_after_pair_neutralization_signal_lock
16891,3,3,11,0.14252723398870298,1.8827652752470532e-06,1.900143425112387e-06,1.8677900623426514e-06,1.8820979857331718e-06,1.4307923390520368e-08,diagnostic_only_after_pair_neutralization_signal_lock
16911,3,3,7,0.19455215879396953,-0.0001198277062228774,-7.866085190050813e-05,-0.00011096307888104945,-7.105298124056505e-05,3.9910097640484405e-05,diagnostic_only_after_pair_neutralization_signal_lock
16929,3,3,7,0.1506317400881369,0.0005796164564506644,0.0011283052556758687,0.00031095804349567225,0.0008929143495045755,0.0005819563060089033,diagnostic_only_after_pair_neutralization_signal_lock
17105,3,3,7,0.14849638019286643,0.00032374929792509824,0.0003946775411272261,0.00032859964923194094,0.00040039001217561754,7.17903629436766e-05,diagnostic_only_after_pair_neutralization_signal_lock
17148,3,3,7,0.34469343911724254,0.0006766212998624102,0.0017040391500762497,0.00028587710998202026,0.0013403167089940473,0.001054439599012027,diagnostic_only_after_pair_neutralization_signal_lock
17181,3,3,7,0.3850937036979009,0.0012111516466233943,0.0012535827013255042,0.0011760621815842629,0.001219495037672208,4.343285608794504e-05,diagnostic_only_after_pair_neutralization_signal_lock
17365,3,1,7,0.09840197594281513,0.0033974399527025205,0.0031369061513216202,0.0028113561071822757,0.002696392044785265,-0.00011496406239701069,diagnostic_only_after_pair_neutralization_signal_lock
17369,3,3,7,0.31821966138595253,0.00040518252427692046,0.0006108790097244751,0.0004125853390609039,0.0006218943695561129,0.00020930903049520903,diagnostic_only_after_pair_neutralization_signal_lock
17374,3,3,7,0.06905607421250955,0.0003581140756795251,0.0005897474606010903,8.179936522069584e-05,0.00032129876603459115,0.00023949940081389532,diagnostic_only_after_pair_neutralization_signal_lock
17434,3,3,7,0.38612945836957707,0.001860808549895052,0.003169030650053463,0.00161723090759136,0.0029722108344272316,0.0013549799268358716,diagnostic_only_after_pair_neutralization_signal_lock
17551,3,3,7,0.38995196437936197,0.002552986978693702,0.003882212163482279,0.0020836725388136993,0.003439700439894705,0.0013560279010810055,diagnostic_only_after_pair_neutralization_signal_lock
17574,3,3,7,0.04172585175049792,0.004026247496522807,0.00402649470215204,0.003727342101458665,0.003727591978657979,2.498771993139637e-07,diagnostic_only_after_pair_neutralization_signal_lock
17588,3,3,7,0.0019497689643484806,-0.0007715813266651738,-0.0007686582017272422,-0.0007346981266108969,-0.0007317701659928106,2.9279606180862778e-06,diagnostic_only_after_pair_neutralization_signal_lock
17734,3,3,7,0.46739507238008676,0.0009682331043670809,0.001440558147701716,0.0006359825976969609,0.0011035486943272623,0.0004675660966303014,diagnostic_only_after_pair_neutralization_signal_lock
17772,3,6,7,0.36383565090071673,0.0008007716079787193,-0.0004526154464333435,0.00043453141208229146,-0.0006004706012345655,-0.0010350020133168569,diagnostic_only_after_pair_neutralization_signal_lock
17811,3,3,7,0.0017254296224968324,0.0009287830250002251,0.0009305372881739059,0.000814143790354013,0.0008159324008532932,1.7886104992802156e-06,diagnostic_only_after_pair_neutralization_signal_lock
17854,3,3,1,0.1838513123959146,-0.0001961271928264635,0.0003484750845591703,-0.00012360136467131697,0.00039960604823822103,0.000523207412909538,diagnostic_only_after_pair_neutralization_signal_lock
17893,3,2,7,0.23576179566684025,0.0029379025328427136,0.002085814381754411,0.0025639886620131428,0.0018404209714826675,-0.0007235676905304753,diagnostic_only_after_pair_neutralization_signal_lock
17903,3,3,7,0.10731273746107822,-0.00014705222695574638,-0.0001198857329899829,-0.0001458685960687677,-0.00011803628454628025,2.7832311522487453e-05,diagnostic_only_after_pair_neutralization_signal_lock
17911,3,3,7,0.06534190166298326,0.0003507398394633316,0.0005036189572491976,0.00037563360695450434,0.0005325776064066508,0.00015694399945214647,diagnostic_only_after_pair_neutralization_signal_lock
17943,3,10,7,0.23183232058704206,0.004394914217193952,0.0036034011450178398,0.004358038842590435,0.0035528142592037458,-0.000805224583386689,diagnostic_only_after_pair_neutralization_signal_lock
17986,3,6,7,0.015730824352090944,0.003651707022813735,0.003561308424258028,0.0033013633415495047,0.003225266401418175,-7.609694013132988e-05,diagnostic_only_after_pair_neutralization_signal_lock
17988,3,3,9,0.054142479134833305,-4.191331879326255e-05,-3.8759153114804845e-05,-3.8622647850986945e-05,-3.579544756684569e-05,2.8272002841412533e-06,diagnostic_only_after_pair_neutralization_signal_lock
18036,3,3,7,0.23385156797611592,-0.00030116947053977663,-0.00018005075199812123,-0.0002804371353361191,-0.0001687376167658917,0.00011169951857022738,diagnostic_only_after_pair_neutralization_signal_lock
18057,3,3,7,0.000614924341474532,-0.00041822039032430214,-0.0004168182161915103,-0.0004516848949179755,-0.00045022906251727555,1.4558324006999418e-06,diagnostic_only_after_pair_neutralization_signal_lock
18177,3,1,7,0.16864811506439178,0.0023669636475683173,0.0020963847880792977,0.001956561054409076,0.0018424799785039174,-0.00011408107590515871,diagnostic_only_after_pair_neutralization_signal_lock
18205,3,3,7,0.05168389773025722,0.002973159778380183,0.0031388751158865588,0.0028732259421113877,0.00303197369380365,0.00015874775169226214,diagnostic_only_after_pair_neutralization_signal_lock
18315,3,3,7,0.02662668535292939,0.00012974738670195858,0.0001843348658002843,8.683522831049359e-05,0.00014274700808201735,5.591177977152376e-05,diagnostic_only_after_pair_neutralization_signal_lock
18318,3,0,3,0.13242546249168796,0.006434742241029991,0.005168885888873221,0.005536699845784112,0.004448421113070019,-0.0010882787327140932,diagnostic_only_after_pair_neutralization_signal_lock
18380,3,3,7,0.06489134971843649,0.0013957718884944164,0.0017000749171554013,0.0013867551035974856,0.0016907972886624403,0.0003040421850649547,diagnostic_only_after_pair_neutralization_signal_lock
18430,3,3,7,0.19544120160487552,-0.0003356183715658948,-0.00018923399645562374,-0.00032746972377733965,-0.00018523645704220522,0.00014223326673513443,diagnostic_only_after_pair_neutralization_signal_lock
18458,3,3,7,0.345862532655777,0.0007922002387953222,0.0008063466645047157,0.0007341042213593367,0.000748573032531824,1.4468811172487265e-05,diagnostic_only_after_pair_neutralization_signal_lock
18467,3,3,7,0.33139726385580437,0.001665729016261031,0.001915142212615583,0.0016512105079677735,0.0019076944307105169,0.0002564839227427434,diagnostic_only_after_pair_neutralization_signal_lock
18482,3,3,7,0.21869460487412554,0.0007442474681482404,0.0015358843983886094,0.0004519502029324725,0.0012403660491030139,0.0007884158461705414,diagnostic_only_after_pair_neutralization_signal_lock
18494,3,3,7,0.4544690695777892,0.0004687298130713972,0.0006854941945624877,0.0003926729035113425,0.0006155477648822343,0.0002228748613708918,diagnostic_only_after_pair_neutralization_signal_lock
18495,3,3,9,0.1386326297485318,0.0009476827686306298,0.0013172948881572727,0.000925756932486344,0.0012572514063286637,0.00033149447384231965,diagnostic_only_after_pair_neutralization_signal_lock
18509,3,3,7,0.19154346665604186,-0.00012023169725054678,-5.541696219589616e-05,-0.0001292285055053625,-6.282238840924832e-05,6.640611709611419e-05,diagnostic_only_after_pair_neutralization_signal_lock
18588,3,3,7,0.3530420347987974,0.00035424264526638736,0.002013478651345774,-0.0002280298129621359,0.0014963251770342989,0.0017243549899964346,diagnostic_only_after_pair_neutralization_signal_lock
18717,3,6,7,0.10699257552637204,0.001988061596630716,0.0017352152764675555,0.0017806969816118756,0.001584648027355024,-0.0001960489542568516,diagnostic_only_after_pair_neutralization_signal_lock
18724,3,3,11,0.05086064421069053,-5.261781290223695e-05,-4.777611425347381e-05,-4.942922741943946e-05,-4.506293830520381e-05,4.36628911423565e-06,diagnostic_only_after_pair_neutralization_signal_lock
18780,3,3,7,0.2611790058542674,-1.5602591655461505e-05,-1.0377076683086048e-05,-1.582032441064962e-05,-1.0485993404983601e-05,5.334331005666019e-06,diagnostic_only_after_pair_neutralization_signal_lock
18788,3,3,7,0.4388500492717079,0.0025297141412031453,0.0030353040563680933,0.002350106997215169,0.0028625255373868775,0.0005124185401717083,diagnostic_only_after_pair_neutralization_signal_lock
18833,3,2,7,0.1268788218206546,0.0018473741234437508,0.0014288066914405861,0.0018477757392653855,0.0014669049268100274,-0.00038087081245535815,diagnostic_only_after_pair_neutralization_signal_lock
18851,3,3,7,0.4360044924185041,-0.0008030333838343464,0.0006500023143432686,-0.001009450401335689,0.00047671109598286255,0.0014861614973185515,diagnostic_only_after_pair_neutralization_signal_lock
18852,3,3,7,0.47352928692122237,9.893729041267975e-05,0.0008651405570180389,-0.00016107301614396555,0.0006315057566659516,0.0007925787728099171,diagnostic_only_after_pair_neutralization_signal_lock
18876,3,3,7,0.19011660417591353,0.003981257240043398,0.004061735227856378,0.00324100318345803,0.003320802970742074,7.97997872840437e-05,diagnostic_only_after_pair_neutralization_signal_lock
18889,3,3,7,0.3462219943858106,-0.00019675691806511186,-9.813319210962654e-05,-0.00020378606447572203,-0.00010287391414694384,0.00010091215032877819,diagnostic_only_after_pair_neutralization_signal_lock
18896,3,3,7,0.1931509189687433,0.0014395904856078165,0.0018110608077312061,0.0012490329550575699,0.0016279849562136444,0.0003789520011560745,diagnostic_only_after_pair_neutralization_signal_lock
18927,3,3,7,0.37203358229346506,0.0050991439995711815,0.005112463157579237,0.004256352765727126,0.004269740534196085,1.3387768468958727e-05,diagnostic_only_after_pair_neutralization_signal_lock
18960,3,0,7,0.40702765362929416,2.343250485688968e-06,-0.0010219989280897358,-0.0002884592017232638,-0.001015618656426726,-0.0007271594547034622,diagnostic_only_after_pair_neutralization_signal_lock
18965,3,3,7,0.2340387079516743,0.0018453269015732527,0.0023033170386205426,0.0016185958080132878,0.0020908172901341684,0.00047222148212088064,diagnostic_only_after_pair_neutralization_signal_lock
19043,3,3,7,0.36498344445186115,1.147918808969966e-06,1.7751499019277486e-06,1.0868710269650423e-06,1.7143853958612486e-06,6.275143688962063e-07,diagnostic_only_after_pair_neutralization_signal_lock
19063,3,3,7,0.4156150703922048,-0.0005579946748479597,0.00013680822256428618,-0.0006248554593766314,6.845062156706473e-05,0.0006933060809436961,diagnostic_only_after_pair_neutralization_signal_lock
19116,3,3,7,0.003769552256870534,0.004226273145878885,0.0042376391354919385,0.0033665036877242116,0.003378247475634616,1.1743787910404278e-05,diagnostic_only_after_pair_neutralization_signal_lock
19125,3,3,7,0.17818619239455497,0.0014583324139035578,0.002035749910471185,0.001001645165041299,0.0015913726500222118,0.0005897274849809128,diagnostic_only_after_pair_neutralization_signal_lock
19134,3,3,7,0.45454527014069074,-0.0001862319932076779,0.0015899574294544795,-0.0006078291860970572,0.0011596999205169514,0.0017675291066140087,diagnostic_only_after_pair_neutralization_signal_lock
19154,3,3,7,0.3670514110639386,-0.00039201458046711664,2.9369498575284746e-06,-0.00044628360552256244,-3.9681296691486905e-05,0.00040660230883107556,diagnostic_only_after_pair_neutralization_signal_lock
19185,3,3,7,0.4647340625181797,-0.0013172001056685368,-8.066512252455729e-05,-0.001628019142951687,-0.00035145696216690864,0.0012765621807847784,diagnostic_only_after_pair_neutralization_signal_lock
19199,3,3,7,0.06122905864090067,0.000730846888372962,0.0008955712523772933,0.0005632971136055861,0.0007275658647361264,0.00016426875113054022,diagnostic_only_after_pair_neutralization_signal_lock
19277,3,11,1,0.18894613716649644,0.0047870044196132,0.004328236507038675,0.004318677471746611,0.003959294771258022,-0.0003593827004885891,diagnostic_only_after_pair_neutralization_signal_lock
19296,3,3,7,0.40838011976003075,-0.00012323815026568188,-6.363219625879921e-05,-0.00012260645405340982,-6.357679842165082e-05,5.9029655631759e-05,diagnostic_only_after_pair_neutralization_signal_lock
19359,3,3,7,0.24577533751755362,0.00030318399255722977,0.000692613358582153,0.00026627197033299234,0.0006596445343832414,0.000393372564050249,diagnostic_only_after_pair_neutralization_signal_lock
19422,3,6,3,0.3751424847498,0.011359518312498415,0.007448608626549552,0.010627091785571342,0.006974882664311181,-0.0036522091212601616,diagnostic_only_after_pair_neutralization_signal_lock
19480,3,3,7,0.29530100731033243,0.00513833497750802,0.005139947657590514,0.004198332086131651,0.004199991233275205,1.659147143553627e-06,diagnostic_only_after_pair_neutralization_signal_lock
19526,3,3,7,0.3284115716752646,-0.00013963121641467088,-8.758852559549404e-05,-0.00013645982139979818,-8.493073689124197e-05,5.1529084508556214e-05,diagnostic_only_after_pair_neutralization_signal_lock
19601,3,3,2,0.1933755122672524,-0.00014541106749397972,-0.000103763451720184,-0.0001358792150720139,-9.622917686689708e-05,3.965003820511682e-05,diagnostic_only_after_pair_neutralization_signal_lock
19669,3,3,7,0.19718489904387232,0.0013772280044967633,0.002109266145753144,0.001262158986986507,0.0019873622654043147,0.0007252032784178077,diagnostic_only_after_pair_neutralization_signal_lock
19805,3,3,11,0.15480164559033466,-0.00017897494059324073,-0.0001249307183974685,-0.00015686616975937921,-0.00011076244684851017,4.610372291086904e-05,diagnostic_only_after_pair_neutralization_signal_lock
19815,3,3,7,0.3003967279902613,-0.00034107447499664463,-0.00016036530016990758,-0.0003646887810885134,-0.00017944095329784973,0.0001852478277906637,diagnostic_only_after_pair_neutralization_signal_lock
19838,3,3,7,0.036284195095919125,0.0013109943019013767,0.0013874910510301842,0.0012018128652432356,0.0012801958095334876,7.8382944290252e-05,diagnostic_only_after_pair_neutralization_signal_lock
19967,3,3,11,0.07732505491958624,-0.00014825739315252264,-9.33279471338025e-05,-0.00010004441755516994,-5.084014517503132e-05,4.9204272380138625e-05,diagnostic_only_after_pair_neutralization_signal_lock
20016,3,3,7,0.09372107344606842,-0.0005888255879847261,-0.0004906262647653169,-0.000582928133051046,-0.00048092724503443895,0.00010200088801660707,diagnostic_only_after_pair_neutralization_signal_lock
20054,3,3,7,0.0278045185627131,0.0019745647784774577,0.0019764977759478605,0.0018004083950165267,0.0018023159762797442,1.9075812632174567e-06,diagnostic_only_after_pair_neutralization_signal_lock
20063,3,3,7,0.19982675532657249,0.002256356168266234,0.0030398032721820484,0.0015459522101765877,0.0023224160491710872,0.0007764638389944995,diagnostic_only_after_pair_neutralization_signal_lock
20088,3,3,7,0.20571325815649336,-5.179666234036745e-05,-3.890344675616022e-05,-5.122027178597481e-05,-3.796114947048649e-05,1.325912231548832e-05,diagnostic_only_after_pair_neutralization_signal_lock
20093,3,3,7,0.2865810972118431,0.0034048961448560435,0.00394903772972483,0.0030840691087973653,0.0036406029421652214,0.0005565338333678562,diagnostic_only_after_pair_neutralization_signal_lock
20151,3,3,7,0.06001570234698517,0.0007169386987382967,0.0007772572668284462,0.0006857345456783999,0.0007435608545331371,5.782630885473711e-05,diagnostic_only_after_pair_neutralization_signal_lock
20159,3,3,7,0.04687421078212445,-1.8030833476783239e-06,1.0321572733859557e-05,-1.6468741663185902e-05,-4.593336871127822e-06,1.187540479205808e-05,diagnostic_only_after_pair_neutralization_signal_lock
20214,3,3,7,0.29272352185868955,-5.467940515845835e-05,1.6015341024389193e-05,-6.0190428548774204e-05,9.785070195206139e-06,6.997549874398034e-05,diagnostic_only_after_pair_neutralization_signal_lock
20332,3,3,7,0.2531967081095008,-0.0003895416340454292,-3.68948206013826e-05,-0.0004950995116699328,-0.0001302583037690943,0.0003648412079008385,diagnostic_only_after_pair_neutralization_signal_lock
20358,3,3,7,0.2153351482031886,0.0004456603840076656,0.0013391800334017323,0.00018776744885545338,0.0010916013720279282,0.0009038339231724748,diagnostic_only_after_pair_neutralization_signal_lock
20365,3,3,7,0.07970500115236354,0.005235398598881702,0.0052857405975934475,0.004040810910233935,0.00409186116595225,5.105025571831498e-05,diagnostic_only_after_pair_neutralization_signal_lock
20371,3,3,7,0.00930063196570291,0.0002570512197237512,0.0002687859418219145,7.910460751209195e-05,9.117838037819366e-05,1.2073772866101715e-05,diagnostic_only_after_pair_neutralization_signal_lock
20382,3,8,7,0.41017845797104624,0.0021982806778923607,0.0011211839997141329,0.0011336163850228843,0.0006694279806002943,-0.00046418840442258996,diagnostic_only_after_pair_neutralization_signal_lock
20411,3,3,7,0.23468122449613515,-0.00031588502092301827,-0.0002233764623134952,-0.0003040730876840305,-0.00021316536360873765,9.090772407529282e-05,diagnostic_only_after_pair_neutralization_signal_lock
20439,3,3,7,0.3879461446519939,-0.0002429229610971392,-0.00013618353156508807,-0.0002471842488853482,-0.00013761245272322787,0.00010957179616212035,diagnostic_only_after_pair_neutralization_signal_lock
20443,3,3,7,0.14146896934188252,-5.28313576167929e-05,-4.3538644653525476e-05,-5.116938144094969e-05,-4.1732511853571205e-05,9.436869587378487e-06,diagnostic_only_after_pair_neutralization_signal_lock
20466,3,3,7,0.3518554912533936,-0.0004755326589677329,-0.0002482638565152383,-0.0004955389633176291,-0.0002611266193065691,0.00023441234401106,diagnostic_only_after_pair_neutralization_signal_lock
20467,3,3,7,0.1262456508110248,-1.2622503723450035e-05,-1.0431217238674515e-05,-1.243390692629352e-05,-1.0210595143664684e-05,2.2233117826288357e-06,diagnostic_only_after_pair_neutralization_signal_lock
20473,3,3,7,0.19654703153037428,0.00030130798565701397,0.00031538119147968746,0.00027557427718681213,0.00029016693896980513,1.4592661782993001e-05,diagnostic_only_after_pair_neutralization_signal_lock
20508,3,3,7,0.3396231830114787,-0.00036588160355052204,0.0005865392925763285,-0.0005423059721470619,0.00042063804631246936,0.0009629440184595313,diagnostic_only_after_pair_neutralization_signal_lock
20532,3,3,11,0.004084437106624927,0.0007242450651475599,0.0007379744858779275,0.0006625742974409304,0.0006746832773319336,1.2108979891003232e-05,diagnostic_only_after_pair_neutralization_signal_lock
20618,3,3,7,0.14895962905167476,0.0014917254705493356,0.0015217864607595189,0.001302105603376844,0.0013327043331125767,3.059872973573273e-05,diagnostic_only_after_pair_neutralization_signal_lock
20630,3,3,7,0.23045837420526244,-0.0006413586151642339,-0.00014199548797376408,-0.0007172238666986539,-0.00020872440500930954,0.0005084994616893445,diagnostic_only_after_pair_neutralization_signal_lock
20698,3,3,7,0.382643184963743,-3.3279830136170604e-05,-1.894604350917209e-05,-3.2910249229290805e-05,-1.8703677324163885e-05,1.420657190512692e-05,diagnostic_only_after_pair_neutralization_signal_lock
20719,3,3,6,0.13638223536891478,-0.00034859695889295815,-0.0002196155302290473,-0.000305216033175876,-0.00018591600541043572,0.00011930002776544026,diagnostic_only_after_pair_neutralization_signal_lock
20721,3,3,7,0.062267567593144946,0.0006674978596274115,0.0007531483760346465,0.0006202444548922598,0.0007035392283493283,8.32947734570685e-05,diagnostic_only_after_pair_neutralization_signal_lock
20734,3,1,7,0.48013974593695746,0.00020517633511809452,-0.0002027191740179026,-0.00035141359801827495,-0.00046231996548205877,-0.00011090636746378382,diagnostic_only_after_pair_neutralization_signal_lock
20806,3,11,7,0.1447401196856171,0.0092674410135264,0.008518525462829985,0.007869536185227276,0.007309860036190309,-0.0005596761490369671,diagnostic_only_after_pair_neutralization_signal_lock
20943,3,3,7,0.35774829118784685,0.0017898636877100723,0.0018933829503461103,0.0017018064705110812,0.0018036523071556431,0.00010184583664456194,diagnostic_only_after_pair_neutralization_signal_lock
20955,3,3,7,0.359533631001403,-0.0002573245316358932,-0.0001517132393583106,-0.0002609274450546757,-0.00015286234979264984,0.00010806509526202588,diagnostic_only_after_pair_neutralization_signal_lock
20958,3,3,7,0.33768001991767366,0.001476210381833609,0.0017274908273329323,0.0013184737366695866,0.0015767965797779827,0.0002583228431083961,diagnostic_only_after_pair_neutralization_signal_lock
20966,3,3,7,0.2663539545357005,9.819802592854358e-05,0.0006012439254479666,-8.41046883297851e-05,0.00044037257443292865,0.0005244772627627138,diagnostic_only_after_pair_neutralization_signal_lock
20982,3,3,4,0.18069469091136697,-0.00026967623663229985,-0.00016061402685602557,-0.00026835846521528546,-0.00016165844599467708,0.00010670001922060839,diagnostic_only_after_pair_neutralization_signal_lock
21019,3,3,11,0.41820409970757616,-4.0519975422484926e-05,-2.2018671440702224e-05,-3.595070286588936e-05,-1.9529953742961444e-05,1.6420749122927914e-05,diagnostic_only_after_pair_neutralization_signal_lock
21085,3,3,7,0.2423668391485661,0.0010502144670650531,0.0012801733219831518,0.001089613476528402,0.0013206907257253104,0.00023107724919690844,diagnostic_only_after_pair_neutralization_signal_lock
21098,3,3,7,0.14269701790255052,0.003542453872787295,0.003709845775280095,0.003263344491018938,0.0034347241949881737,0.00017137970396923592,diagnostic_only_after_pair_neutralization_signal_lock
21120,3,3,10,0.11283642093119589,-0.0001602825300461783,-5.937972690521795e-05,-0.00016287673932191814,-6.053497937544968e-05,0.00010234175994646845,diagnostic_only_after_pair_neutralization_signal_lock
21138,3,3,7,0.30449255789089064,-0.00011454991776615965,-7.104204959287918e-05,-0.00011545353170488083,-7.098807010840743e-05,4.4465461596473395e-05,diagnostic_only_after_pair_neutralization_signal_lock
21169,3,3,7,0.17306081647719335,0.0009163721196059849,0.0009836224572039123,0.0007988576584833679,0.0008683592808191429,6.950162233577495e-05,diagnostic_only_after_pair_neutralization_signal_lock
21186,3,3,7,0.13071205693924987,0.0009725922615805842,0.0012259468787125072,0.0008779047724092967,0.0011371539886039297,0.0002592492161946331,diagnostic_only_after_pair_neutralization_signal_lock
21236,3,3,7,0.4830441474603489,0.0010001490289667007,0.001980623279688752,0.0006905835301305985,0.0016884003667674242,0.0009978168366368257,diagnostic_only_after_pair_neutralization_signal_lock
21295,3,3,7,0.06180462234352124,0.0009626178575128049,0.0010884669453181022,0.0008925676089971111,0.0010226598771988428,0.0001300922682017317,diagnostic_only_after_pair_neutralization_signal_lock
21330,3,3,7,0.1391844835517821,0.0033856048407096212,0.003474314307778268,0.0034495361127683238,0.003538421309259871,8.888519649154734e-05,diagnostic_only_after_pair_neutralization_signal_lock
21402,3,3,7,0.3521641275008526,0.0004834929221167718,0.002024735906132102,0.0001587811528232484,0.0017419941019188728,0.0015832129490956244,diagnostic_only_after_pair_neutralization_signal_lock
21416,3,3,11,0.1214484375592188,0.0029419303198299092,0.0032892695041813256,0.002759057380982444,0.0030703541008680153,0.00031129671988557126,diagnostic_only_after_pair_neutralization_signal_lock
21425,3,3,7,0.29535203475151606,0.0004255917631853045,0.00116229890974627,0.00032198589665473614,0.0010788712560444087,0.0007568853593896725,diagnostic_only_after_pair_neutralization_signal_lock
21488,3,3,7,0.3734878113654286,-0.00038443143273724433,-0.00020846014364881145,-0.00038565770750270965,-0.00020775745263788587,0.00017790025486482379,diagnostic_only_after_pair_neutralization_signal_lock
21554,3,6,9,0.1856918717023411,0.007209349374633503,0.0063805980897746715,0.006732940947341818,0.0059017313167323265,-0.0008312096306094911,diagnostic_only_after_pair_neutralization_signal_lock
21558,3,3,6,0.16850467561926863,0.0031644308627957595,0.003287351494982757,0.0026853679625294096,0.0028002714047720466,0.00011490344224263701,diagnostic_only_after_pair_neutralization_signal_lock
21565,3,3,7,0.2035835580789239,-0.00020804157853878042,-0.0001432865846226702,-0.000217405330645928,-0.00015055725780631758,6.684807283961042e-05,diagnostic_only_after_pair_neutralization_signal_lock
21592,3,3,7,0.1159465173967569,0.0016251973256203591,0.0017194673478607995,0.001516610425484598,0.0016157429675388957,9.913254205429775e-05,diagnostic_only_after_pair_neutralization_signal_lock
21630,3,3,7,0.24540566930327248,0.003344256535648625,0.003757482530888293,0.002376889615078648,0.002802069279337737,0.00042517966425908906,diagnostic_only_after_pair_neutralization_signal_lock
21668,3,3,7,0.3230342213936846,0.0017787003438966649,0.003092183011608714,0.001096840024256553,0.002416560665704973,0.00131972064144842,diagnostic_only_after_pair_neutralization_signal_lock
21692,3,3,9,0.19112443179817967,0.001988780354505612,0.0022972526257618543,0.0021507173904547704,0.0024286164247745027,0.00027789903431973224,diagnostic_only_after_pair_neutralization_signal_lock
21709,3,3,7,0.11072418992611543,0.0005529484857925038,0.0005862608622793061,0.0004771595694600298,0.0005111247647494983,3.3965195289468466e-05,diagnostic_only_after_pair_neutralization_signal_lock
21714,3,3,9,0.000980915484413425,-0.00016700477734027147,-0.00016412797395394941,-0.00014354576376558758,-0.0001410251671434232,2.520596622164375e-06,diagnostic_only_after_pair_neutralization_signal_lock
21736,3,3,7,0.45903109860112074,0.0018580230769901737,0.002617877152460103,0.0012422601329393267,0.0020226827153927446,0.000780422582453418,diagnostic_only_after_pair_neutralization_signal_lock
21772,3,3,7,0.3877211493889293,-2.939333246276446e-06,-1.4229276291474726e-06,-3.0040572121283077e-06,-1.4625304191094132e-06,1.5415267930188944e-06,diagnostic_only_after_pair_neutralization_signal_lock
21820,3,3,7,0.33443066038744235,-0.0006831133193199631,0.00013757642642462026,-0.0008185386412228658,-1.265140780921282e-05,0.0008058872334136529,diagnostic_only_after_pair_neutralization_signal_lock
21934,3,11,7,0.18901091112342935,0.004905879301968623,0.004567118190449686,0.00472142026422126,0.00453771131476783,-0.00018370894945343025,diagnostic_only_after_pair_neutralization_signal_lock
21949,3,3,7,0.11202725872145447,-6.488920279605975e-06,-5.03004986643642e-06,-6.561762259950448e-06,-5.081483369468091e-06,1.4802788904823568e-06,diagnostic_only_after_pair_neutralization_signal_lock
22032,3,3,6,0.05284706125661992,0.002025319343557175,0.0021733950316964934,0.0022710266679853066,0.002403727855689956,0.0001327011877046494,diagnostic_only_after_pair_neutralization_signal_lock
22198,3,3,10,0.29845758367539515,-0.0003201470213039591,0.000745503293820484,-0.0002788636184017193,0.0007766645923454366,0.0010555282107471559,diagnostic_only_after_pair_neutralization_signal_lock
22239,4,6,7,0.17053148436676685,0.007493062127123463,0.006450012595568806,0.00603410632649466,0.005111890079336801,-0.0009222162471578593,diagnostic_only_after_pair_neutralization_signal_lock
22245,4,6,4,0.39721979965310594,0.007098017688597127,0.0030177628358212267,0.00486755005485331,0.0020132465339523717,-0.0028543035209009386,diagnostic_only_after_pair_neutralization_signal_lock
22312,4,4,7,0.3721448308620096,-0.0006842442472831135,0.00071331023104686,-0.00031632986004581046,0.0005167504132194869,0.0008330802732652974,diagnostic_only_after_pair_neutralization_signal_lock
22739,4,4,7,0.060025512303095,-0.0002238834788287287,-0.0001260503616569401,-0.00011356854030714224,-5.505825964770947e-05,5.8510280659432774e-05,diagnostic_only_after_pair_neutralization_signal_lock
23144,4,4,1,0.06808522208387163,0.0012522969727263948,0.0013183106964236432,0.0007403036290124853,0.0007803611087885199,4.0057479776034574e-05,diagnostic_only_after_pair_neutralization_signal_lock
23147,4,1,7,0.27530446957828675,0.004119976326296843,0.0035841562252621802,0.0026968427468458895,0.0024393510704128034,-0.0002574916764330861,diagnostic_only_after_pair_neutralization_signal_lock
23540,4,4,6,0.07268553400201727,0.0005497894955141968,0.0007937046485282023,0.000652012144182293,0.0007947045611333811,0.00014269241695108806,diagnostic_only_after_pair_neutralization_signal_lock
25293,4,1,9,0.11141225479405573,-0.00015617639692883534,-0.00041462249868645727,-0.0001562574077632263,-0.0002927896494575174,-0.0001365322416942911,diagnostic_only_after_pair_neutralization_signal_lock
27175,5,3,7,0.07252572607881308,0.0031905716881223123,0.0028556644905765654,0.0032872908968921994,0.002905399439582158,-0.0003818914573100415,diagnostic_only_after_pair_neutralization_signal_lock
27291,5,3,7,0.1548759971824026,0.007240218378057363,0.006359986011794341,0.007368999857568427,0.00637998787215292,-0.0009890119854155067,diagnostic_only_after_pair_neutralization_signal_lock
27585,5,8,9,0.06178638123871755,0.0020714322109061855,0.0019588718814194063,0.002464475099726659,0.002395769385139519,-6.870571458713996e-05,diagnostic_only_after_pair_neutralization_signal_lock
28384,5,3,7,0.08258086739502205,0.004424615573105058,0.0040215578507206175,0.004221924850715881,0.0037618821477386965,-0.0004600427029771842,diagnostic_only_after_pair_neutralization_signal_lock
29077,6,6,3,0.33481648057025143,-2.6073297335568868e-05,-1.374452139634189e-05,-2.4590966231548795e-05,-1.3076011471077633e-05,1.1514954760471162e-05,diagnostic_only_after_pair_neutralization_signal_lock
29266,6,6,11,0.01265544034931132,0.0038164809018730195,0.0038180043465034143,0.0038044412688851446,0.003805849702081734,1.4084331965893288e-06,diagnostic_only_after_pair_neutralization_signal_lock
29371,6,6,7,0.0637466380375818,0.0009927060105672204,0.001147738486580398,0.00035753915665473826,0.0004958818448393297,0.0001383426881845914,diagnostic_only_after_pair_neutralization_signal_lock
29441,6,6,3,0.10293801862201535,0.003647968662938672,0.003750992290811278,0.0031445345284468306,0.003240642953409368,9.610842496253751e-05,diagnostic_only_after_pair_neutralization_signal_lock
29549,6,6,1,0.001993733080335014,-2.431680192272132e-06,-2.4218529679751503e-06,-2.0868607535342966e-06,-2.0786035853151328e-06,8.257168219163892e-09,diagnostic_only_after_pair_neutralization_signal_lock
29857,6,6,7,0.07633950589484606,-9.597755990521188e-05,-8.679003317932085e-05,-8.682251574642153e-05,-7.858754264898271e-05,8.234973097438812e-06,diagnostic_only_after_pair_neutralization_signal_lock
30157,6,6,7,0.10899075284887652,0.0006156585221614776,0.0009224704405324768,0.0006398443465624061,0.0009088090492159398,0.0002689647026535337,diagnostic_only_after_pair_neutralization_signal_lock
30181,6,6,3,0.055454435398037044,-0.00021232746795397679,-0.00019435085719950976,-0.0002082436590033658,-0.00019104307298284937,1.720058602051644e-05,diagnostic_only_after_pair_neutralization_signal_lock
30227,6,6,7,0.08466611589379569,0.00250870389359409,0.0025179075124399475,0.0022758765625252456,0.0022841982858534515,8.321723328205861e-06,diagnostic_only_after_pair_neutralization_signal_lock
30364,6,6,4,0.08942683310531294,-0.00045147974887255665,-0.0002747527560690933,-0.00035824994496315497,-0.00022316166463973462,0.00013508828032342035,diagnostic_only_after_pair_neutralization_signal_lock
30567,6,6,7,0.4213231186405361,0.0005564408105346409,0.0020247885285328902,0.0003057733649531655,0.0016245454200839626,0.0013187720551307972,diagnostic_only_after_pair_neutralization_signal_lock
30702,6,6,1,0.04626980455194213,-9.082650502011893e-05,-8.203394190498428e-05,-7.310975067820514e-05,-6.604233791919369e-05,7.067412759011451e-06,diagnostic_only_after_pair_neutralization_signal_lock
31133,6,6,7,0.10680363985491742,0.0018731617933327943,0.002256506984448812,0.001799504618958595,0.002146946530301198,0.00034744191134260314,diagnostic_only_after_pair_neutralization_signal_lock
31189,6,6,9,0.4626471958051685,0.0012088919448224919,0.002154034290207056,0.0007049753129859628,0.0015275536017375175,0.0008225782887515547,diagnostic_only_after_pair_neutralization_signal_lock
31371,6,6,7,0.007686390047245417,0.0013336629301862874,0.0013471718718560631,0.0013323535521472174,0.0013437782819054065,1.1424729758189103e-05,diagnostic_only_after_pair_neutralization_signal_lock
31417,6,3,7,0.46932006769851586,0.004249128609724168,0.0020704879455086247,0.004125747977972103,0.0019045344402120789,-0.0022212135377600245,diagnostic_only_after_pair_neutralization_signal_lock
31529,6,6,7,0.18378007435424232,0.001942266353602732,0.002264383704379083,0.0021092086360816466,0.002384392822132075,0.00027518418605042847,diagnostic_only_after_pair_neutralization_signal_lock
31637,6,6,7,0.17856503855519523,0.000689744675599969,0.0015969656310944433,0.00030388537240964576,0.0011160366170559434,0.0008121512446462977,diagnostic_only_after_pair_neutralization_signal_lock
31678,6,6,3,0.37199449667894263,0.004162817580703509,0.004185067226319153,0.004055561100476274,0.0040762032016039606,2.064210112768649e-05,diagnostic_only_after_pair_neutralization_signal_lock
32101,6,6,3,0.06157045179736392,-0.0003666224972331355,-0.00029673144502266634,-0.0003548643812832698,-0.0002895636752249308,6.530070605833898e-05,diagnostic_only_after_pair_neutralization_signal_lock
32321,6,6,7,0.1784524345496296,0.0014228885657182496,0.0014240245980947936,0.0011556393182275775,0.0011566578348573906,1.018516629813131e-06,diagnostic_only_after_pair_neutralization_signal_lock
32645,6,6,7,0.18222647677552767,0.0019210137979430969,0.002280467155434984,0.0020460421441996514,0.0023679889490849206,0.00032194680488526915,diagnostic_only_after_pair_neutralization_signal_lock
32649,6,6,3,0.3013625558910953,-0.0008674437571854505,0.00022243267143546888,-0.0009584743112480039,2.3227861181702487e-05,0.0009817021724297065,diagnostic_only_after_pair_neutralization_signal_lock
33026,6,6,9,0.14687012618175121,-0.00013729496489283047,-7.974892488905567e-05,-0.00012019474597279003,-6.485776729984103e-05,5.5336978672948997e-05,diagnostic_only_after_pair_neutralization_signal_lock
33246,6,6,2,0.28620297364245284,0.001057052445498114,0.001515401352777454,0.0005555218801539081,0.0010426740498683152,0.00048715216971440705,diagnostic_only_after_pair_neutralization_signal_lock
33279,6,3,6,0.2144589691510817,0.008526329065061952,0.006088975055256468,0.007841271728932335,0.005566648178269577,-0.0022746235506627584,diagnostic_only_after_pair_neutralization_signal_lock
33364,6,6,7,0.1236395291822579,0.001618778538093482,0.0017969572675172914,0.0015450233998008703,0.00170209856984003,0.00015707517003915963,diagnostic_only_after_pair_neutralization_signal_lock
33384,6,6,7,0.2792767497314301,-3.0017057995518377e-06,-2.0798930083817364e-06,-2.6489016736963418e-06,-1.8349729032620875e-06,8.139287704342542e-07,diagnostic_only_after_pair_neutralization_signal_lock
33613,6,1,11,0.22974378831780218,0.0005971414385641585,0.00032673969150517174,0.00038407954138584767,0.0003046125705375624,-7.946697084828527e-05,diagnostic_only_after_pair_neutralization_signal_lock
34048,6,3,7,0.09897150415575023,0.0022187749114958816,0.0019391368929095266,0.002010826510793946,0.0017240989317369201,-0.00028672757905702593,diagnostic_only_after_pair_neutralization_signal_lock
34050,6,6,7,0.03743664069390845,0.0010302229163053921,0.0011206281164156213,0.001020807279500198,0.0011016193991935236,8.081211969332555e-05,diagnostic_only_after_pair_neutralization_signal_lock
34078,6,6,3,0.4020069687195427,0.0009179562829045975,0.0015619954563960035,0.0006127957282583136,0.0012089271360622151,0.0005961314078039015,diagnostic_only_after_pair_neutralization_signal_lock
34131,6,6,3,0.33738409374097145,0.0004718964837520617,0.0013662718253403482,0.0005223914465950445,0.0013573142207939264,0.000834922774198882,diagnostic_only_after_pair_neutralization_signal_lock
34219,6,6,9,0.1157099900340815,0.000553552985150932,0.0009063503090196152,0.00046172702477296004,0.0007894463689270574,0.00032771934415409733,diagnostic_only_after_pair_neutralization_signal_lock
34385,6,6,9,0.1974768885259853,-5.760859989127997e-05,-4.216336469488823e-05,-5.2289182808779216e-05,-3.808208116884102e-05,1.4207101639938194e-05,diagnostic_only_after_pair_neutralization_signal_lock
34434,6,3,7,0.22208252147205593,0.0023993179427616584,0.0020617771387467137,0.0020660866248509817,0.00174580130233098,-0.0003202853225200016,diagnostic_only_after_pair_neutralization_signal_lock
34731,6,6,1,0.3903572408637562,-9.228535165205947e-06,0.0013864993520123717,0.00012720601636159973,0.0011549481242570086,0.0010277421078954089,diagnostic_only_after_pair_neutralization_signal_lock
34889,7,10,7,0.24258052275486053,0.008502006827385538,0.006172651667281152,0.0068424238402457396,0.004917732645198238,-0.0019246911950475017,diagnostic_only_after_pair_neutralization_signal_lock
34991,7,10,7,0.18117612230848792,0.00517974371531984,0.0032618019907956295,0.004649890411347836,0.003012356029527213,-0.0016375343818206232,diagnostic_only_after_pair_neutralization_signal_lock
35198,7,8,7,0.2633081653326885,0.010697798651918323,0.007547342894490149,0.007989062380618809,0.0059135296273092166,-0.0020755327533095924,diagnostic_only_after_pair_neutralization_signal_lock
35248,7,3,7,0.4432970227744928,0.012076004527081534,0.0067392202727465916,0.010759705151841218,0.006061450839556318,-0.0046982543122849,diagnostic_only_after_pair_neutralization_signal_lock
35749,7,6,7,0.20929476146716186,0.009461246954329133,0.006863011230015397,0.007820097921589202,0.005755638707797787,-0.0020644592137914154,diagnostic_only_after_pair_neutralization_signal_lock
35758,7,9,7,0.2599401043865562,0.005954776549558328,0.0036960688374682335,0.004361204310880636,0.0027371931092486793,-0.0016240112016319566,diagnostic_only_after_pair_neutralization_signal_lock
35840,7,3,7,0.3299467744917435,0.009703058340578937,0.006184091129176587,0.008511158922790717,0.005480428108235878,-0.003030730814554839,diagnostic_only_after_pair_neutralization_signal_lock
35927,7,6,7,0.2681536328348791,0.005984069429040605,0.003612351670855358,0.0046710245457575305,0.0028738786251466296,-0.0017971459206109009,diagnostic_only_after_pair_neutralization_signal_lock
36033,7,6,9,0.13964622842265487,0.004475232202948433,0.0037472547425238902,0.003972656659774271,0.003301970566668428,-0.0006706860931058435,diagnostic_only_after_pair_neutralization_signal_lock
36167,7,6,7,0.33218705241713975,0.006541596331756676,0.0036520080787492493,0.004949885524714717,0.0027593490136714194,-0.002190536511043298,diagnostic_only_after_pair_neutralization_signal_lock
36195,7,9,5,0.0501432533307411,0.005719142231994727,0.005454397621486671,0.004464388227689273,0.004234248298414572,-0.00023013992927470132,diagnostic_only_after_pair_neutralization_signal_lock
36303,7,6,7,0.4459239072770918,0.005754046135008031,0.0027190241965544845,0.004022256977565492,0.001799799234237726,-0.0022224577433277663,diagnostic_only_after_pair_neutralization_signal_lock
36379,7,3,7,0.31374124395725767,0.006675569472282378,0.003512571069366863,0.005484462420239855,0.002782230017253677,-0.002702232402986178,diagnostic_only_after_pair_neutralization_signal_lock
36398,7,10,7,0.3180540729840705,0.01000624529318856,0.006058058900463467,0.00916304837909429,0.005690662517742917,-0.0034723858613513736,diagnostic_only_after_pair_neutralization_signal_lock
36468,7,4,9,0.38881004877613995,0.002627686172029166,0.0014316603999279213,0.0017586215434500882,0.0010427546997374966,-0.0007158668437125917,diagnostic_only_after_pair_neutralization_signal_lock
36514,7,4,7,0.2917082363597543,0.00684407971945431,0.004422665829591575,0.004936919144893677,0.0033370381507267432,-0.0015998809941669334,diagnostic_only_after_pair_neutralization_signal_lock
36540,7,3,7,0.3832916036424769,0.007637173685360119,0.0037738517130336885,0.006181302703575882,0.002894542681914882,-0.003286760021661,diagnostic_only_after_pair_neutralization_signal_lock
36574,7,6,7,0.36254388971126095,0.009423232903393992,0.005685749741843146,0.007595563039360598,0.0046953936872309535,-0.002900169352129644,diagnostic_only_after_pair_neutralization_signal_lock
36736,7,3,7,0.18419631493042762,0.00800015896371709,0.005717255059650163,0.007441061104435527,0.00542454304457275,-0.0020165180598627763,diagnostic_only_after_pair_neutralization_signal_lock
36816,7,6,9,0.47704578063897857,0.005311837495603266,0.0023320531181032543,0.00489252677832737,0.0021710788496100593,-0.0027214479287173106,diagnostic_only_after_pair_neutralization_signal_lock
36894,7,4,7,0.33266577888206905,0.006699830078971828,0.003806239408923183,0.004999757939619744,0.003091820162944692,-0.0019079377766750517,diagnostic_only_after_pair_neutralization_signal_lock
37013,7,10,3,0.20292132036059687,0.0028534088098743624,0.002413063076475959,0.0025483024906600175,0.002131650759448515,-0.00041665173121150246,diagnostic_only_after_pair_neutralization_signal_lock
37031,7,6,7,0.2855992437796905,0.006531629508017111,0.0035645394318285905,0.0052016404741945,0.002910773678679786,-0.002290866795514714,diagnostic_only_after_pair_neutralization_signal_lock
37059,7,6,7,0.2434656694687826,0.005593594250311036,0.0033059772791973804,0.004096454756951191,0.00234706823711471,-0.001749386519836481,diagnostic_only_after_pair_neutralization_signal_lock
37193,7,3,0,0.24361125165063782,0.003955733409635443,0.0028595441503990507,0.003930669102478526,0.0028138610872207167,-0.0011168080152578093,diagnostic_only_after_pair_neutralization_signal_lock
37257,7,6,7,0.3868780339164708,0.012047860641498034,0.007266202936984715,0.010065600002199797,0.006265868697920713,-0.0037997313042790835,diagnostic_only_after_pair_neutralization_signal_lock
37293,7,6,7,0.2717491337387577,0.009122372279707854,0.0057388281533203335,0.007212562120389229,0.004521897730829185,-0.0026906643895600437,diagnostic_only_after_pair_neutralization_signal_lock
37308,7,2,7,0.38783632269217383,0.006859480334032594,0.003481369807355498,0.005608572913189045,0.0027975689114944618,-0.0028110040016945835,diagnostic_only_after_pair_neutralization_signal_lock
37381,7,10,7,0.15207855209376692,0.004303596601764938,0.0029387486296883194,0.003131852942883158,0.00205528149831316,-0.0010765714445699977,diagnostic_only_after_pair_neutralization_signal_lock
37388,7,9,7,0.27470514191214657,0.005443452740635057,0.0034216602334696928,0.0043825617836912726,0.002871142734893495,-0.0015114190487977774,diagnostic_only_after_pair_neutralization_signal_lock
37390,7,8,7,0.13260769620625582,0.006475685965668435,0.004923343945568689,0.004277425538700832,0.003256697087298479,-0.0010207284514023528,diagnostic_only_after_pair_neutralization_signal_lock
37480,7,6,7,0.4033748620726537,0.013594770384990205,0.009155419831445421,0.010482469799954635,0.007006026835417997,-0.003476442964536638,diagnostic_only_after_pair_neutralization_signal_lock
37575,7,6,0,0.03435582909522339,0.005676682802464918,0.005476888071254877,0.00484166726744586,0.004662456833379713,-0.0001792104340661467,diagnostic_only_after_pair_neutralization_signal_lock
37585,7,6,9,0.4829693242306895,-0.0009394737405201484,-0.0011327783230027407,-0.0006710911380111092,-0.0009515790028950168,-0.0002804878648839076,diagnostic_only_after_pair_neutralization_signal_lock
37898,7,3,7,0.2555066797883933,0.00715892220123157,0.004314036552381071,0.006312798594804958,0.003838454402066119,-0.0024743441927388395,diagnostic_only_after_pair_neutralization_signal_lock
37992,7,6,7,0.24108538490676235,0.008904805114182889,0.00620968620278919,0.007074937822870542,0.004948822928817027,-0.0021261148940535154,diagnostic_only_after_pair_neutralization_signal_lock
38122,7,6,7,0.3761663781520951,0.00864454866830732,0.00449231907094986,0.006746757720171761,0.0034984425002416867,-0.003248315219930074,diagnostic_only_after_pair_neutralization_signal_lock
38218,7,6,7,0.04898463402554276,0.003936683875099467,0.003521378869833627,0.0031512461466614407,0.002841945635827749,-0.0003093005108336915,diagnostic_only_after_pair_neutralization_signal_lock
38253,7,6,7,0.3064430752627275,0.01038992032184731,0.006898082101136075,0.008738755144747899,0.005990761494653082,-0.0027479936500948163,diagnostic_only_after_pair_neutralization_signal_lock
38323,7,4,7,0.48366455798034536,0.00855175906666156,0.0038563515538001707,0.0057944470713850935,0.00276742331915373,-0.0030270237522313634,diagnostic_only_after_pair_neutralization_signal_lock
38393,7,6,7,0.39278542079994927,0.008380325306649674,0.003985682037602235,0.0066039645992753086,0.0031423112753111507,-0.003461653323964158,diagnostic_only_after_pair_neutralization_signal_lock
38405,7,6,7,0.1427546724330172,0.004784255409524055,0.003329094515000253,0.0038874670389807877,0.0027685511285338712,-0.0011189159104469165,diagnostic_only_after_pair_neutralization_signal_lock
38497,7,6,7,0.23335078031111514,0.005573033739960731,0.0032100655147198824,0.004187516149812177,0.002362973838535098,-0.001824542311277079,diagnostic_only_after_pair_neutralization_signal_lock
38561,7,9,7,0.0435687871073667,0.00423891137744326,0.003760702248524441,0.0033237522901128722,0.0029664604587393154,-0.00035729183137355684,diagnostic_only_after_pair_neutralization_signal_lock
38582,7,6,7,0.22978868377012374,0.010556214748066263,0.007721586440519337,0.009037663683356905,0.006784391833187393,-0.0022532718501695123,diagnostic_only_after_pair_neutralization_signal_lock
38645,7,3,7,0.08303827642254424,0.008627956676475144,0.0077386823066937635,0.007668182529327119,0.006902268349167013,-0.0007659141801601068,diagnostic_only_after_pair_neutralization_signal_lock
38687,7,6,9,0.2619396096227768,0.0028116846878323103,0.0024071354525064636,0.0022303705342683134,0.0018629897746770584,-0.00036738075959125496,diagnostic_only_after_pair_neutralization_signal_lock
38737,7,3,7,0.4303035497601509,0.00941207823614763,0.004557061115711521,0.008057837773181878,0.003834362066341133,-0.004223475706840745,diagnostic_only_after_pair_neutralization_signal_lock
38830,8,8,5,0.2192993008233225,0.004820333746690269,0.005645604272170998,0.00416907538673578,0.004682923093549061,0.0005138477068132811,diagnostic_only_after_pair_neutralization_signal_lock
38852,8,8,4,0.4011470025455297,0.0014856302799843393,0.0029057120640989644,0.0017304431774070681,0.0026712386270239,0.000940795449616832,diagnostic_only_after_pair_neutralization_signal_lock
38853,8,8,7,0.44997232428136896,-0.0003318416993852007,-0.00014751543919214324,-0.00021513950416339364,-9.575058080757067e-05,0.00011938892335582297,diagnostic_only_after_pair_neutralization_signal_lock
38868,8,8,7,0.3956714136607303,-0.0006227235922919454,-0.00016229208378994422,-0.00035408050530387285,-5.4762199720969806e-05,0.000299318305582903,diagnostic_only_after_pair_neutralization_signal_lock
38893,8,8,7,0.2788824573515057,-0.0009726116968829726,0.00017790154232067687,-0.0005042739171211732,0.00023965906714671395,0.0007439329842678871,diagnostic_only_after_pair_neutralization_signal_lock
38897,8,8,7,0.18246843238586063,3.049109194138706e-06,6.713285702830583e-05,9.427204283508349e-06,4.942037416708112e-05,3.9993169883572767e-05,diagnostic_only_after_pair_neutralization_signal_lock
38900,8,8,7,0.3158055328660454,-0.000760269012152164,-0.00021099361991228004,-0.00043651182028297804,-7.428384634435332e-05,0.00036222797393862475,diagnostic_only_after_pair_neutralization_signal_lock
38932,8,8,7,0.18244691690984652,0.0021830917352877377,0.0028784304235534046,0.0018406038276697755,0.0023285600199243854,0.0004879561922546099,diagnostic_only_after_pair_neutralization_signal_lock
38953,8,8,7,0.23347607162320774,-0.0006532830469824129,-0.0003792931999145339,-0.0004116068383852256,-0.00023052401204328728,0.00018108282634193834,diagnostic_only_after_pair_neutralization_signal_lock
38975,8,8,6,0.3771444208830821,0.0028098553519952966,0.0029352864804955458,0.0020300852286873677,0.002113218544144084,8.31333154567163e-05,diagnostic_only_after_pair_neutralization_signal_lock
38980,8,8,0,0.2154101968641507,-0.0003073943909628557,-0.0002162626688881294,-0.00020663102709541102,-0.000144705884573247,6.192514252216402e-05,diagnostic_only_after_pair_neutralization_signal_lock
38989,8,8,7,0.04509409990099478,0.0009162989079604202,0.0010591632716745987,0.0012801999050221094,0.0013806085792064707,0.0001004086741843613,diagnostic_only_after_pair_neutralization_signal_lock
39025,8,8,3,0.10354909570967774,0.0021170985828082036,0.0022172820460128807,0.0019730668757622152,0.002044784321639846,7.171744587763061e-05,diagnostic_only_after_pair_neutralization_signal_lock
39044,8,8,7,0.11170748449735349,0.0032196030936290725,0.0033241036939687116,0.003010093393097745,0.0030788542823695954,6.876088927185034e-05,diagnostic_only_after_pair_neutralization_signal_lock
39048,8,8,7,0.0911172377572732,0.0005213795209066193,0.0005628837592974164,0.00037930067240571813,0.00040595063533310213,2.6649962927383997e-05,diagnostic_only_after_pair_neutralization_signal_lock
39053,8,8,7,0.18782931141810166,0.0003971252788047008,0.0011214915104572308,0.0006606850058624909,0.0011329143132528376,0.0004722293073903467,diagnostic_only_after_pair_neutralization_signal_lock
39055,8,8,3,0.009232019964340282,-0.0004685527056914824,-0.00042130788732211514,-0.00025953780607542126,-0.00022258365764759062,3.695414842783064e-05,diagnostic_only_after_pair_neutralization_signal_lock
39064,8,8,5,0.26848584861716934,0.0018243346388434423,0.002258605401980243,0.0016885152695892936,0.0019105663961504343,0.0002220511265611407,diagnostic_only_after_pair_neutralization_signal_lock
39077,8,8,5,0.24507337690871506,0.0030617710899906937,0.003504910132574676,0.0023903188117951387,0.0026745073586718453,0.00028418854687670657,diagnostic_only_after_pair_neutralization_signal_lock
39100,8,8,7,0.4702453808215719,8.146621185146928e-05,0.0002500983004400539,8.26912719276623e-05,0.0001944079145120498,0.00011171664258438751,diagnostic_only_after_pair_neutralization_signal_lock
39107,8,8,7,0.1652261704290985,0.0009416037262421309,0.0015027819762005942,0.000789929180215214,0.0011449896635831285,0.0003550604833679144,diagnostic_only_after_pair_neutralization_signal_lock
39122,8,8,0,0.26593897983603065,-0.00022201280621671728,1.5847951451476896e-05,-6.272288710797124e-05,0.00010895848188775532,0.00017168136899572658,diagnostic_only_after_pair_neutralization_signal_lock
39154,8,8,7,0.0479001226894612,-0.0002729844057047162,-0.0002013568052190795,-6.177008771598636e-05,-1.1717723427345368e-05,5.005236428864099e-05,diagnostic_only_after_pair_neutralization_signal_lock
39195,8,8,7,0.4128016496916815,0.005240979263710978,0.005726917027900439,0.003476105239584614,0.0038004777379287086,0.0003243724983440946,diagnostic_only_after_pair_neutralization_signal_lock
39198,8,8,7,0.22679399178719176,-0.0005087489984089761,5.769151850372455e-05,-0.00018805241494090593,0.00016999318115699664,0.00035804559609790257,diagnostic_only_after_pair_neutralization_signal_lock
39210,8,8,7,0.11038935165746783,-0.0003741152842355179,-0.00017684870140162633,-0.0001829581812383023,-5.312624472713183e-05,0.00012983193651117046,diagnostic_only_after_pair_neutralization_signal_lock
39238,8,8,5,0.048979314582746514,0.0013353646456044654,0.001431874751769308,0.0011534827047392335,0.0012048609143699113,5.137820963067776e-05,diagnostic_only_after_pair_neutralization_signal_lock
39324,8,8,7,0.4260846398365509,0.0018857685160807566,0.0034263585729697194,0.002300202060878374,0.0033432070226636908,0.001043004961785317,diagnostic_only_after_pair_neutralization_signal_lock
39326,8,8,7,0.09497422468924568,0.002188855085327633,0.002369889181133098,0.001573667932177122,0.0016930629100662502,0.00011939497788912828,diagnostic_only_after_pair_neutralization_signal_lock
39330,8,8,7,0.3192077287874272,0.0001636314895282083,0.00040758830467214663,0.00010813972694952815,0.0002679526607181809,0.00015981293376865277,diagnostic_only_after_pair_neutralization_signal_lock
39340,8,8,7,0.004211013019843779,0.0017240826486022208,0.0017368276513528844,0.001834926434866331,0.0018428270211450883,7.900586278757234e-06,diagnostic_only_after_pair_neutralization_signal_lock
39366,8,8,7,0.17790774907387596,-6.275436685293726e-05,1.0458510817919146e-05,-1.8348064159388815e-05,2.7844547929339616e-05,4.619261208872843e-05,diagnostic_only_after_pair_neutralization_signal_lock
39371,8,8,9,0.2815932485431362,0.0010112872317278967,0.002125505484179298,0.0010848364481751901,0.0018655225223559021,0.000780686074180712,diagnostic_only_after_pair_neutralization_signal_lock
39484,8,8,7,0.15150672478212637,0.0026499768024489784,0.0026499768026658405,0.0017956904349071261,0.0017956904350498641,1.4273803493336512e-13,diagnostic_only_after_pair_neutralization_signal_lock
39523,8,8,7,0.22794621938345996,-0.0003515672419459962,-0.0001593589760355386,-0.00022920638422235676,-0.00010499080850927581,0.00012421557571308094,diagnostic_only_after_pair_neutralization_signal_lock
39576,8,8,7,0.27553129583778807,3.757726799569982e-05,4.348388751872036e-05,2.8940849718425387e-05,3.275780030242324e-05,3.816950583997854e-06,diagnostic_only_after_pair_neutralization_signal_lock
39578,8,8,7,0.07818499571541376,0.00023918233056113652,0.00037333484914465413,0.00012156871114731843,0.00020842587587326846,8.685716472595003e-05,diagnostic_only_after_pair_neutralization_signal_lock
39599,8,8,7,0.3606624622427143,0.0012238183881133433,0.002605098719902793,0.0010541859553434964,0.001946087283248982,0.0008919013279054856,diagnostic_only_after_pair_neutralization_signal_lock
39607,8,8,7,0.4116156098688843,0.003964989940315753,0.0043091585019346314,0.003883518562484872,0.004091548300720709,0.00020802973823583724,diagnostic_only_after_pair_neutralization_signal_lock
39645,8,8,7,0.05340517762279812,-0.00029501990295108927,-0.00023998127241244002,-0.00019903243080361465,-0.0001624416803253235,3.6590750478291166e-05,diagnostic_only_after_pair_neutralization_signal_lock
39666,8,8,7,0.4933662293059084,0.0011072284755852414,0.0019855019700465854,0.0011687535336856348,0.0017637406315801215,0.0005949870978944867,diagnostic_only_after_pair_neutralization_signal_lock
39776,8,8,7,0.005386180687395881,0.003434699825022475,0.003455609447396539,0.0030052134040611045,0.0030190195218743002,1.3806117813195719e-05,diagnostic_only_after_pair_neutralization_signal_lock
39783,8,8,7,0.036965456232524674,0.0012791129182238273,0.0012902018838758544,0.0009581851496092965,0.0009649559545643019,6.770804955005447e-06,diagnostic_only_after_pair_neutralization_signal_lock
39805,8,8,9,0.11405237614913175,0.0021625754884727986,0.0022825333430277267,0.0014180781584208792,0.0015044544317685104,8.637627334763119e-05,diagnostic_only_after_pair_neutralization_signal_lock
39874,8,8,7,0.2949045724330613,0.00414143888286026,0.004468471825732921,0.003526298347472111,0.003748998510538812,0.00022270016306670092,diagnostic_only_after_pair_neutralization_signal_lock
39915,8,8,7,0.2514494693546467,0.0026354283811914235,0.003010735336405312,0.002450554846186028,0.0026807950438201573,0.00023024019763412916,diagnostic_only_after_pair_neutralization_signal_lock
39943,8,9,3,0.10703925059722691,-0.0002680383417194548,-0.0003412631822037229,5.030463084034783e-05,1.504880957537387e-05,-3.525582126497396e-05,diagnostic_only_after_pair_neutralization_signal_lock
40036,8,8,9,0.18943355247555838,0.0012060046375675418,0.001984209210394603,0.000997620057928085,0.0015269973003943483,0.0005293772424662634,diagnostic_only_after_pair_neutralization_signal_lock
40040,8,8,9,0.13105229710892696,0.002958749423214029,0.0030520314340705627,0.0022096318935790095,0.002276967194497854,6.73353009188445e-05,diagnostic_only_after_pair_neutralization_signal_lock
40066,8,8,5,0.18509450589880266,-2.889600050837702e-05,0.0006530815986019144,0.0002592100927472637,0.000667426914204619,0.00040821682145735525,diagnostic_only_after_pair_neutralization_signal_lock
40072,8,8,7,0.4391799059109503,0.001807296475199832,0.0022400105568872344,0.0012137929933783102,0.0014853035510757448,0.00027151055769743465,diagnostic_only_after_pair_neutralization_signal_lock
40074,8,8,5,0.2091141209522126,0.0025643616918905256,0.0027659037732009452,0.002259400756788675,0.002382820663283382,0.00012341990649470704,diagnostic_only_after_pair_neutralization_signal_lock
40160,8,8,7,0.37028053615423534,0.0030502983541286213,0.004161156249937766,0.002498118275431747,0.0032058507183627093,0.0007077324429309623,diagnostic_only_after_pair_neutralization_signal_lock
40163,8,8,3,0.2175415606329764,0.00039427581621209523,0.0009595547074616789,9.105160759954017e-05,0.0005322335786451609,0.0004411819710456207,diagnostic_only_after_pair_neutralization_signal_lock
40180,8,8,7,0.040923937474083016,0.0016406104989029947,0.0017522259925445952,0.0015740847141688039,0.0016414546014022027,6.73698872333988e-05,diagnostic_only_after_pair_neutralization_signal_lock
40197,8,8,7,0.1473950111817749,-0.0001805800799428676,-0.00011015825150262973,-0.00010685425679049698,-5.920308770973239e-05,4.765116908076459e-05,diagnostic_only_after_pair_neutralization_signal_lock
40231,8,4,9,0.14278878173124768,0.00709893309680328,0.00634773449785652,0.004739140881475392,0.0042938546426669316,-0.00044528623880846045,diagnostic_only_after_pair_neutralization_signal_lock
40247,8,8,9,0.1925542431030206,0.002026214838052103,0.0023182898156759502,0.0016568529628651803,0.00186719830682015,0.00021034534395496978,diagnostic_only_after_pair_neutralization_signal_lock
40295,8,8,7,0.20739375490886086,0.002452812823477356,0.002610977801544655,0.0023068928581275365,0.0024004364798604133,9.354362173287674e-05,diagnostic_only_after_pair_neutralization_signal_lock
40419,8,8,7,0.25536134624297135,-0.0005012603733421607,0.0002827047993943099,-0.00012165400213610493,0.00036012495740828413,0.0004817789595443891,diagnostic_only_after_pair_neutralization_signal_lock
40456,8,8,7,0.1720718440911472,0.000577358391053375,0.0012288203327028167,0.0004008744141659555,0.0008210120923849333,0.00042013767821897784,diagnostic_only_after_pair_neutralization_signal_lock
40488,8,8,7,0.22806426900391266,-7.923581448318054e-05,0.00027753830892287504,2.7016884285756436e-05,0.0002591618189225859,0.00023214493463682946,diagnostic_only_after_pair_neutralization_signal_lock
40522,8,8,7,0.1892675765805572,0.0005525690577535114,0.0008301980478077021,0.0004999842954183654,0.0006840182218993031,0.00018403392648093765,diagnostic_only_after_pair_neutralization_signal_lock
40532,8,8,7,0.42255416909440907,0.0022980656647033216,0.004061211022341738,0.002208481718484292,0.003286894519732818,0.0010784128012485258,diagnostic_only_after_pair_neutralization_signal_lock
40617,8,8,5,0.0830897976397276,0.0005569660865838241,0.0005805374280610376,0.00042142512056172105,0.00043630494856203875,1.4879828000317701e-05,diagnostic_only_after_pair_neutralization_signal_lock
40624,8,8,7,0.4017208731067316,0.002808475766930725,0.0032331545372014815,0.002317085839863238,0.002576045869295964,0.00025896002943272614,diagnostic_only_after_pair_neutralization_signal_lock
40718,8,8,7,0.24404235047468859,0.000404601338762406,0.0017814715286366333,0.0010167384049366355,0.001936506287725894,0.0009197678827892585,diagnostic_only_after_pair_neutralization_signal_lock
40808,8,8,7,0.08272541098984937,-0.00032030697856662787,-0.00020393592109960726,-0.0001636721956204508,-8.959814046603463e-05,7.407405515441616e-05,diagnostic_only_after_pair_neutralization_signal_lock
40821,8,8,7,0.47281957028763033,0.00028941765702045707,0.00036378860148098804,0.00022928312895968824,0.000279282887939779,4.999975898009075e-05,diagnostic_only_after_pair_neutralization_signal_lock
40940,8,8,7,0.42944085543555593,-9.14045826513627e-05,3.6042362442516495e-05,-3.3098376574182e-05,4.874995499391692e-05,8.184833156809891e-05,diagnostic_only_after_pair_neutralization_signal_lock
40943,8,8,7,0.01238003758020334,0.0010099681301854984,0.0010509416960239111,0.0010502606835090956,0.0010764628396181337,2.620215610903815e-05,diagnostic_only_after_pair_neutralization_signal_lock
40945,8,8,7,0.012301121530470527,0.0015638326428778879,0.001605123328696033,0.001349781902015805,0.001377040855293215,2.725895327741019e-05,diagnostic_only_after_pair_neutralization_signal_lock
40956,8,8,7,0.3644284575690221,-0.0004962829525553861,-0.0002382821659479423,-0.00030558607522231996,-0.00014208702917755766,0.0001634990460447623,diagnostic_only_after_pair_neutralization_signal_lock
41000,8,8,9,0.238225891461783,0.0011867928521557241,0.0019093972528072458,0.0013799801103770851,0.0018785218886055222,0.0004985417782284371,diagnostic_only_after_pair_neutralization_signal_lock
41013,8,8,3,0.13799887689929105,0.00019668213831163441,0.00033148297387795026,0.00037680592779355294,0.00047242879317785087,9.562286538429793e-05,diagnostic_only_after_pair_neutralization_signal_lock
41026,8,8,9,0.09954457705400735,0.0012913879135977068,0.001676765562462474,0.0012956529836321566,0.001565817742795808,0.00027016475916365147,diagnostic_only_after_pair_neutralization_signal_lock
41037,8,8,7,0.06052603517845184,0.0015589820203325267,0.001785361650287145,0.0017117113068968847,0.0018657460438149397,0.00015403473691805495,diagnostic_only_after_pair_neutralization_signal_lock
41081,8,8,7,0.03949539588462342,3.9220523161604486e-05,7.605467987723048e-05,0.00014781136993691256,0.00017210016214188272,2.4288792204970157e-05,diagnostic_only_after_pair_neutralization_signal_lock
41114,8,8,7,0.14740325994466053,-0.0003387974794227862,-0.0002740670004018872,-0.00021635944481549876,-0.00017524551883588466,4.1113925979614096e-05,diagnostic_only_after_pair_neutralization_signal_lock
41187,8,8,7,0.3799976181098257,-0.0007328019262231828,0.0007757920659149149,-0.00038924462647432566,0.0005959161353651559,0.0009851607618394816,diagnostic_only_after_pair_neutralization_signal_lock
41199,8,8,7,0.2861768571322748,0.0011395580439249,0.002007159241581214,0.0013106815693752528,0.0018393661097303932,0.0005286845403551404,diagnostic_only_after_pair_neutralization_signal_lock
41212,8,8,7,0.09331549113192436,-0.0005283385310906841,-0.00024997027463682844,-0.00024183402580350366,-5.4418459332465076e-05,0.00018741556647103858,diagnostic_only_after_pair_neutralization_signal_lock
41255,8,8,7,0.1731307005786964,0.004730314915346956,0.004751027655079688,0.0033372082232207972,0.0033506397441595767,1.3431520938779473e-05,diagnostic_only_after_pair_neutralization_signal_lock
41319,8,8,7,0.37314418136463834,-0.0013008477898810754,-0.00018160993368300114,-0.0008045731417501656,-7.091208301347854e-05,0.000733661058736687,diagnostic_only_after_pair_neutralization_signal_lock
41415,8,8,9,0.021091513444467858,-5.634496396772025e-05,-3.1343067361494205e-06,4.663946669019999e-05,8.48860735211615e-05,3.824660683096151e-05,diagnostic_only_after_pair_neutralization_signal_lock
41444,8,8,7,0.4003297833958821,-0.0010523315754780867,-8.933636174094075e-05,-0.0006990950584588543,-6.6079953571601e-05,0.0006330151048872534,diagnostic_only_after_pair_neutralization_signal_lock
41549,8,8,7,0.4362074077666146,-1.5796719325031197e-05,-8.568563482599753e-06,-1.1712101408153168e-05,-6.318959455226476e-06,5.393141952926692e-06,diagnostic_only_after_pair_neutralization_signal_lock
41642,8,8,7,0.0371788047676353,0.002580501621502607,0.0026157120363237917,0.0021117522394628126,0.002134846826834297,2.309458737148433e-05,diagnostic_only_after_pair_neutralization_signal_lock
41651,8,8,7,0.1635288071252763,0.0008608003555265782,0.001116501265569213,0.000944319074527734,0.0011194242182991075,0.00017510514377137344,diagnostic_only_after_pair_neutralization_signal_lock
41736,8,8,7,0.025661931446242126,-0.0002191529867679972,-0.00016965548447378872,-0.00010150322394232778,-7.040867150441493e-05,3.109455243791285e-05,diagnostic_only_after_pair_neutralization_signal_lock
41740,8,8,7,0.03462964036553398,-0.0001988755088362052,-0.00015205768028893042,-5.6802538498263134e-05,-2.7655531393542994e-05,2.914700710472014e-05,diagnostic_only_after_pair_neutralization_signal_lock
41741,8,8,7,0.20946384806476598,-0.00013911155075958215,-0.00010232090056398119,-8.579103069674895e-05,-6.319818416272511e-05,2.2592846534023845e-05,diagnostic_only_after_pair_neutralization_signal_lock
41750,8,8,7,0.15186311374317518,-0.0002027323342282256,0.00025667992614797456,0.00019958083179380734,0.0005181654631991168,0.00031858463140530945,diagnostic_only_after_pair_neutralization_signal_lock
41785,8,8,6,0.02083136325654958,0.0002247756700552515,0.00033669819627177934,0.0002165978751402811,0.0002905910799656732,7.399320482539212e-05,diagnostic_only_after_pair_neutralization_signal_lock
41788,8,8,0,0.05146369933428807,0.00037606046712621857,0.0004912755970615386,0.0004399826842373458,0.0005172098292917059,7.722714505436004e-05,diagnostic_only_after_pair_neutralization_signal_lock
41790,8,8,7,0.12206055073240174,0.0020330974758114985,0.002424718014220022,0.0020838793726167,0.0023529784670228843,0.00026909909440618433,diagnostic_only_after_pair_neutralization_signal_lock
41805,8,8,7,0.24688978982290546,-0.0005060380356564488,-0.00027030079073399804,-0.00030327658799551464,-0.0001537904816596989,0.00014948610633581575,diagnostic_only_after_pair_neutralization_signal_lock
41833,8,8,9,0.223444342388095,0.0007383162555749475,0.0012232475404563709,0.0007900345003851532,0.0011382413546007929,0.0003482068542156396,diagnostic_only_after_pair_neutralization_signal_lock
41855,8,8,5,0.07062606838514865,0.0010454907619256665,0.001350595078644951,0.001315851460589284,0.0015142464550662333,0.00019839499447694931,diagnostic_only_after_pair_neutralization_signal_lock
41858,8,8,7,0.1501728925683379,-0.00031968489821187455,9.825483401955432e-05,0.00020072471854728783,0.0004939451524473295,0.0002932204339000416,diagnostic_only_after_pair_neutralization_signal_lock
41877,8,8,7,0.2486540154987999,-0.00022797931161904495,-0.00013840200330075508,-0.00014732930502906938,-8.544860424656581e-05,6.188070078250357e-05,diagnostic_only_after_pair_neutralization_signal_lock
41882,8,8,7,0.3286969753217289,-0.0002544385822911532,-0.000113153816728867,-0.0001669418596656414,-7.538924198550042e-05,9.155261768014097e-05,diagnostic_only_after_pair_neutralization_signal_lock
41892,8,8,7,0.0437081940411726,1.9847736933472117e-06,3.138668800253503e-06,3.771720572885214e-06,4.516433904189357e-06,7.447133313041433e-07,diagnostic_only_after_pair_neutralization_signal_lock
41926,8,8,7,0.3232026755630546,-1.8863263171746109e-06,-1.1341169380749674e-06,-1.1652703692957257e-06,-6.996312326953911e-07,4.656391366003346e-07,diagnostic_only_after_pair_neutralization_signal_lock
41931,8,8,1,0.054128230989738735,-4.0167234324168544e-07,-3.7559828383329415e-07,-2.6729260810244714e-07,-2.5072615083587867e-07,1.6566457266568476e-08,diagnostic_only_after_pair_neutralization_signal_lock
42084,8,8,7,0.20385657940114282,-7.166419592857515e-06,-5.50158961367863e-06,-4.5373734969717445e-06,-3.507804688084259e-06,1.0295688088874853e-06,diagnostic_only_after_pair_neutralization_signal_lock
42135,8,8,7,0.10640757877949261,0.0016696607787535728,0.0017971818202017606,0.0013463246770023347,0.0014340223352079544,8.769765820561964e-05,diagnostic_only_after_pair_neutralization_signal_lock
42194,8,8,9,0.29341899798687987,-7.479388023950996e-05,-5.186100759173806e-05,-5.1999725589578684e-05,-3.576992451654692e-05,1.6229801073031765e-05,diagnostic_only_after_pair_neutralization_signal_lock
42201,8,8,9,0.25078454091715263,-0.0012523789169355825,-0.0004431730843587859,-0.0007813677168643724,-0.00019873526001069425,0.0005826324568536782,diagnostic_only_after_pair_neutralization_signal_lock
42283,8,8,9,0.0815677535578181,0.0009985529487082047,0.0010877834377022444,0.0006564332219463555,0.0007184371631086461,6.200394116229061e-05,diagnostic_only_after_pair_neutralization_signal_lock
42344,8,8,7,0.05483157424035856,0.001007237077802659,0.0010645608675324755,0.0008498713556742258,0.0008887102510191261,3.883889534490024e-05,diagnostic_only_after_pair_neutralization_signal_lock
42388,8,8,7,0.2075155295418485,-0.00018734720158115463,2.065460162248566e-05,-4.525193510346442e-05,9.316040464365412e-05,0.00013841233974711854,diagnostic_only_after_pair_neutralization_signal_lock
42427,8,8,7,0.06576505833873708,0.002465910800785017,0.0027509025718261432,0.0023063832788542396,0.0024945998660132565,0.00018821658715901688,diagnostic_only_after_pair_neutralization_signal_lock
42605,8,8,7,0.23257491591709095,0.0039551340712670165,0.003967932176734426,0.003496843171917963,0.0035051746935988778,8.331521680914923e-06,diagnostic_only_after_pair_neutralization_signal_lock
42640,8,8,1,0.13080552830417802,-9.838905913741069e-05,-7.775453902369367e-05,-6.23518191801469e-05,-4.982217548151766e-05,1.2529643698629245e-05,diagnostic_only_after_pair_neutralization_signal_lock
42660,8,8,9,0.15435253653367376,-0.00017168838421494773,0.00018009333187332113,-9.906019707640084e-05,0.00014179119128751488,0.00024085138836391572,diagnostic_only_after_pair_neutralization_signal_lock
42754,8,8,9,0.09447646283663744,-0.00012907418822537216,5.251214373753572e-05,0.00014689620478270773,0.0002709629914199788,0.00012406678663727107,diagnostic_only_after_pair_neutralization_signal_lock
42760,8,8,7,0.022042248027871664,0.0028064501218852305,0.0028101900453706774,0.0018145246189747778,0.0018169684852789355,2.443866304157726e-06,diagnostic_only_after_pair_neutralization_signal_lock
42843,8,8,7,0.1946330799849072,0.002010618924392278,0.0029302716508287432,0.002125979681060584,0.0027310452427369092,0.0006050655616763254,diagnostic_only_after_pair_neutralization_signal_lock
42875,8,8,9,0.06402385218460582,0.004317313936219475,0.004692934101053937,0.004037194329565082,0.004314932483269961,0.00027773815370487915,diagnostic_only_after_pair_neutralization_signal_lock
42969,8,8,7,0.27985383815364057,0.002475705789045452,0.0035740570892649017,0.002349614444564609,0.0030316230989922144,0.0006820086544276054,diagnostic_only_after_pair_neutralization_signal_lock
43006,8,8,7,0.4145383956340378,1.1788842061242826e-05,0.0009983837143575322,0.00013088422904288053,0.0007647852446994187,0.0006339010156565382,diagnostic_only_after_pair_neutralization_signal_lock
43052,8,8,7,0.3758132713547222,0.0020706874805923956,0.0026969845880383423,0.002275283831375741,0.0027065446878157557,0.00043126085644001454,diagnostic_only_after_pair_neutralization_signal_lock
43061,8,8,9,0.06798541021700502,-0.00012206301872990883,0.00011443329113777621,5.657180991032751e-05,0.00022328263364566986,0.00016671082373534234,diagnostic_only_after_pair_neutralization_signal_lock
43070,8,8,7,0.46137395268109715,-0.00015590324905508514,-3.155039409556393e-05,-7.820461036222402e-05,2.3677359676855655e-06,8.057234632990959e-05,diagnostic_only_after_pair_neutralization_signal_lock
43079,8,8,7,0.0885688579068768,0.0008780534721425152,0.0011160288662445809,0.0010387195231417884,0.0012015395283998306,0.0001628200052580422,diagnostic_only_after_pair_neutralization_signal_lock
43158,8,8,7,0.2951849406031397,0.00017285941199791563,0.00018065725488373524,0.00012554104237892468,0.0001302959608563415,4.7549184774168325e-06,diagnostic_only_after_pair_neutralization_signal_lock
43238,8,8,7,0.1711944216055494,-2.7954138869338044e-06,-2.3295822042934994e-06,-1.8981221411925177e-06,-1.5930792207511599e-06,3.0504292044135783e-07,diagnostic_only_after_pair_neutralization_signal_lock
43254,8,8,1,0.0021818408404896683,-0.0002344284405797065,-0.0002326213242645098,-0.0001269591693364748,-0.00012581163170228605,1.1475376341887498e-06,diagnostic_only_after_pair_neutralization_signal_lock
43302,8,8,7,0.11161836549509524,0.00031680727834828117,0.0005182544510757329,0.00034976760328735016,0.0004915343561968281,0.0001417667529094779,diagnostic_only_after_pair_neutralization_signal_lock
43444,9,9,7,0.10535824825446394,0.0029010351473319905,0.003387062819863333,0.002275655947097459,0.00267451558383167,0.00039885963673421104,diagnostic_only_after_pair_neutralization_signal_lock
43477,9,8,9,0.1950274299759188,0.010743989796921628,0.008306742670087755,0.008313982162286238,0.006479795912048883,-0.001834186250237355,diagnostic_only_after_pair_neutralization_signal_lock
43733,9,9,1,0.0698293314314834,0.0038861987643462746,0.0039251006566097275,0.003233674793717007,0.003266896137739726,3.322134402271911e-05,diagnostic_only_after_pair_neutralization_signal_lock
43789,9,10,3,0.05510893290815361,0.000808964696258238,0.0007801391328713323,0.0007164049704572269,0.0006627493198427007,-5.365565061452612e-05,diagnostic_only_after_pair_neutralization_signal_lock
43797,9,10,4,0.46927930557479874,0.0026724722976427116,0.0010421208600533865,0.002837994194710591,0.00107083787340244,-0.0017671563213081509,diagnostic_only_after_pair_neutralization_signal_lock
44003,9,9,4,0.019297893125379884,0.00465769221054727,0.00472081894891402,0.004017242332539525,0.004071298210019494,5.4055877479968796e-05,diagnostic_only_after_pair_neutralization_signal_lock
44005,9,9,11,0.055290737199194556,0.0014751103448622071,0.0016393333893903574,0.001365521101595327,0.001503729201741766,0.000138208100146439,diagnostic_only_after_pair_neutralization_signal_lock
44125,9,9,5,0.11069673646892192,0.002104844020113122,0.0024945666981790707,0.0016779332780782045,0.001989800691183197,0.00031186741310499245,diagnostic_only_after_pair_neutralization_signal_lock
44126,9,0,1,0.23064212597087966,0.0014863687280025199,0.0011891271768830858,0.001207896606308162,0.0009509163057117101,-0.000256980300596452,diagnostic_only_after_pair_neutralization_signal_lock
44127,9,6,7,0.44408932498578574,0.004049163479616216,0.001813633337466256,0.003646826930059943,0.0015935516960709046,-0.0020532752339890385,diagnostic_only_after_pair_neutralization_signal_lock
44243,9,3,7,0.16493222202457575,0.0030259356108211953,0.002459998480233193,0.002682447232413324,0.002164294365819664,-0.0005181528665936601,diagnostic_only_after_pair_neutralization_signal_lock
44700,9,9,0,0.23620154106461494,-0.00030974247755705846,0.0004827131239455737,-0.0002363528213269482,0.0003961298169497414,0.0006324826382766896,diagnostic_only_after_pair_neutralization_signal_lock
44858,9,9,1,0.3518447007199764,0.00013399420455949358,0.0010913911454834906,8.295876336310241e-05,0.0008629164878608698,0.0007799577244977674,diagnostic_only_after_pair_neutralization_signal_lock
45023,9,10,3,0.19267338816761453,0.006222517097032176,0.005075113113590428,0.006791908720527949,0.005475692661955435,-0.0013162160585725143,diagnostic_only_after_pair_neutralization_signal_lock
45569,9,9,3,0.09379307839428738,-0.00019311711533159998,3.207679211893579e-05,-0.0001550288878328775,1.9013130253153145e-05,0.00017404201808603065,diagnostic_only_after_pair_neutralization_signal_lock
45752,10,10,11,0.22338705219221652,-0.00045081929192975856,-7.853431111242773e-05,-0.0005250955333665645,-0.00012248446972258414,0.00040261106364398037,diagnostic_only_after_pair_neutralization_signal_lock
45759,10,2,7,0.11302989825781315,0.0030259636000112837,0.002664151079803399,0.0030876523693529317,0.002698207292001956,-0.00038944507735097587,diagnostic_only_after_pair_neutralization_signal_lock
46045,10,10,11,0.0339576918188399,5.957159888018209e-05,7.172281513846552e-05,3.0257390919152062e-05,4.373316500402239e-05,1.3475774084870329e-05,diagnostic_only_after_pair_neutralization_signal_lock
46704,10,6,10,0.46640572614233666,0.01152578524979991,0.005725245010421367,0.011694352159172978,0.005822558388357024,-0.005871793770815955,diagnostic_only_after_pair_neutralization_signal_lock
46950,10,10,11,0.11686345020787117,0.00033342175808264427,0.0003501104408269768,0.00031371446514095016,0.0003315655652534489,1.7851100112498738e-05,diagnostic_only_after_pair_neutralization_signal_lock
49165,10,10,7,0.046261616055796206,0.0031698384605380187,0.003312728095368329,0.0026243434452912946,0.0027706045877533025,0.00014626114246200786,diagnostic_only_after_pair_neutralization_signal_lock
49186,10,10,2,0.13822913755489036,0.003349304844524777,0.0033896119357434977,0.0035880660226040436,0.00362931475058818,4.124872798413632e-05,diagnostic_only_after_pair_neutralization_signal_lock
49188,10,10,7,0.03724123964156245,0.0007442173726320928,0.0007732606495698509,0.0007174828213585835,0.0007489382795956533,3.145545823706971e-05,diagnostic_only_after_pair_neutralization_signal_lock
49242,10,10,2,0.27864275499546143,-0.0002161134457803841,-0.00013206989930972414,-0.00023019405395152944,-0.0001409274029585416,8.926665099298785e-05,diagnostic_only_after_pair_neutralization_signal_lock
49246,10,10,11,0.16891200973815604,-0.0002919394375269867,0.00036988878520173254,-0.00039542754056431104,0.0003216220070232247,0.0007170495475875357,diagnostic_only_after_pair_neutralization_signal_lock
49342,10,3,2,0.0036068778206789776,0.005228399685097341,0.005206518034817565,0.0049751586257294304,0.00495507411454048,-2.008451118895062e-05,diagnostic_only_after_pair_neutralization_signal_lock
49356,10,6,7,0.039609434744867084,0.0015014178506370613,0.0013830441800944365,0.0013899242714232258,0.0012775414788177247,-0.00011238279260550104,diagnostic_only_after_pair_neutralization_signal_lock
49366,10,10,11,0.008012944562297564,0.0012091010798431791,0.0012287506890116464,0.001147125374638382,0.0011693696292428301,2.2244254604448024e-05,diagnostic_only_after_pair_neutralization_signal_lock
49383,10,10,2,0.05362531074754673,0.0005388476586925128,0.0007356535209814215,0.0004045986262652939,0.0006247395814538907,0.0002201409551885968,diagnostic_only_after_pair_neutralization_signal_lock
49942,11,6,11,0.29702755147584936,0.008883229494306253,0.005723095329625865,0.008565702820282024,0.005504312108567271,-0.003061390711714753,diagnostic_only_after_pair_neutralization_signal_lock
49964,11,11,7,0.15202348588137968,-0.0004982681741334336,-1.7964092059448585e-05,-0.00028650536772266227,8.597377327029334e-05,0.0003724791409929556,diagnostic_only_after_pair_neutralization_signal_lock
50077,11,3,1,0.10550942013632925,0.0048101359751627475,0.004201855243634362,0.004487191920579789,0.003913500088421048,-0.0005736918321587415,diagnostic_only_after_pair_neutralization_signal_lock
50105,11,3,11,0.0948808516803718,0.006766890159292748,0.005631206518898248,0.0062994523378342845,0.005270048002026477,-0.0010294043358078072,diagnostic_only_after_pair_neutralization_signal_lock
50135,11,3,7,0.09483732228428987,0.0017511274192791681,0.0015770595960985134,0.0019554226874504547,0.001761928707264993,-0.00019349398018546175,diagnostic_only_after_pair_neutralization_signal_lock
50180,11,3,7,0.22490845645835772,0.0046935660881515864,0.0036381884314369266,0.0046952279805801255,0.0035721387456530947,-0.0011230892349270308,diagnostic_only_after_pair_neutralization_signal_lock
50200,11,3,7,0.2654507185512549,0.006732324770623589,0.005148824958109492,0.00655594256343597,0.004877929103232136,-0.0016780134602038341,diagnostic_only_after_pair_neutralization_signal_lock
50276,11,8,7,0.2934883240310979,0.006099941044934314,0.004914281990036348,0.005121997462160301,0.004114073722749686,-0.0010079237394106152,diagnostic_only_after_pair_neutralization_signal_lock
50351,11,3,11,0.018484883903703453,0.0025112412285760066,0.002322111258783448,0.002464356232006408,0.002291736261566318,-0.00017261997044009,diagnostic_only_after_pair_neutralization_signal_lock
50442,11,3,7,0.12048424256458717,0.0050520132182018136,0.004312735294264619,0.005030653539456637,0.004248655818180413,-0.0007819977212762241,diagnostic_only_after_pair_neutralization_signal_lock
50504,11,11,7,0.15018504213979023,0.0026382997856821007,0.003256780184502832,0.0027622687049321266,0.0032806737662736092,0.0005184050613414827,diagnostic_only_after_pair_neutralization_signal_lock
50552,11,3,7,0.3294406651967086,0.004073858526950051,0.0029638863298549287,0.004279057340294172,0.003052925043835456,-0.0012261322964587165,diagnostic_only_after_pair_neutralization_signal_lock
50599,11,3,7,0.32107042740503533,0.003205053878661347,0.0015993399645461979,0.003534269008469854,0.0018234684802178542,-0.001710800528252,diagnostic_only_after_pair_neutralization_signal_lock
50610,11,3,7,0.26203742671850994,0.006903934162561172,0.005323597039168659,0.0068034049087113,0.005131087851588239,-0.001672317057123061,diagnostic_only_after_pair_neutralization_signal_lock
50611,11,3,7,0.0021290852299835072,0.006068775797021424,0.006055500084633189,0.005597047849083429,0.0055830185066674315,-1.4029342415997938e-05,diagnostic_only_after_pair_neutralization_signal_lock
50632,11,6,7,0.013261649326252956,0.0004159422881559596,0.00039438405507188787,0.0006505453668508967,0.0006224608813635377,-2.8084485487358916e-05,diagnostic_only_after_pair_neutralization_signal_lock
50785,11,10,7,0.15445108624303314,0.007088194931829606,0.006149594896635277,0.007718586279297052,0.006607604196750413,-0.0011109820825466387,diagnostic_only_after_pair_neutralization_signal_lock
50807,11,3,7,0.26857247086775005,0.0029025431051654125,0.0018717194610609446,0.0030972909587193517,0.0019887971223641653,-0.0011084938363551864,diagnostic_only_after_pair_neutralization_signal_lock
50827,11,3,7,0.18173717918809976,0.003165192863142618,0.0022138967910071998,0.0034043129909449047,0.0023869163201227775,-0.0010173966708221273,diagnostic_only_after_pair_neutralization_signal_lock
50896,11,11,7,0.20818853747241794,-0.0006344497848397281,-3.4767434930886446e-05,-0.00048471381299733634,3.153516583072226e-05,0.0005162489788280586,diagnostic_only_after_pair_neutralization_signal_lock
50922,11,3,11,0.32239980169440924,0.011790045535233782,0.007826774273526236,0.011025638352579352,0.0074319349628680096,-0.0035937033897113424,diagnostic_only_after_pair_neutralization_signal_lock
50932,11,10,7,0.22357962785791885,0.005177149102105477,0.003956642987488725,0.005867500446991802,0.004404543500857009,-0.0014629569461347934,diagnostic_only_after_pair_neutralization_signal_lock
50995,11,3,11,0.16369827302784773,0.00755787468784206,0.005596696473146971,0.0068760886197933675,0.005094401076776153,-0.0017816875430172142,diagnostic_only_after_pair_neutralization_signal_lock
51022,11,3,7,0.06390444351922481,0.0039545950826563245,0.003780474958402059,0.00375996054982299,0.0035700783153131605,-0.00018988223450982968,diagnostic_only_after_pair_neutralization_signal_lock
51046,11,3,7,0.34847489991645814,0.002614961069027083,0.001312369203306151,0.0030490862078529062,0.0016438436129412601,-0.0014052425949116461,diagnostic_only_after_pair_neutralization_signal_lock
51080,11,10,3,0.26271331443649376,0.007957494634564428,0.0063574895351618975,0.008603049764832945,0.006758342431864881,-0.0018447073329680638,diagnostic_only_after_pair_neutralization_signal_lock
51169,11,8,11,0.25584777799639563,0.007665358594793472,0.0046413483109437065,0.00642307483602615,0.0038630043250556193,-0.002560070510970531,diagnostic_only_after_pair_neutralization_signal_lock
51291,11,2,7,0.32800280158070205,0.0029370686560355667,0.0018205433786184283,0.0035373713833274497,0.0021455306534481113,-0.0013918407298793385,diagnostic_only_after_pair_neutralization_signal_lock
51342,11,3,7,0.3844388281071106,0.003635615187007615,0.002324515946985489,0.0041131770727072465,0.002694364034104527,-0.0014188130386027197,diagnostic_only_after_pair_neutralization_signal_lock
51375,11,6,7,0.13131278827003395,0.0074765832371887905,0.006866082751144424,0.007279632350586752,0.006624015140147367,-0.0006556172104393845,diagnostic_only_after_pair_neutralization_signal_lock
51410,11,3,7,0.2812519716339465,0.0017600641993980792,0.0010096933095449048,0.0019556910110905255,0.0011361737096779788,-0.0008195173014125467,diagnostic_only_after_pair_neutralization_signal_lock
51631,11,3,7,0.08317999201730461,0.004654219303583904,0.00430793668130727,0.004517585691166179,0.0041363418695406036,-0.0003812438216255756,diagnostic_only_after_pair_neutralization_signal_lock
51809,11,2,11,0.015480085004122068,0.0038623642902252727,0.0037314391694386324,0.0034025736317198057,0.003273330676684467,-0.0001292429550353389,diagnostic_only_after_pair_neutralization_signal_lock
51858,11,6,7,0.18239255203707228,0.0029270934066819533,0.0019530490041018394,0.0031150861407246017,0.002098206237288929,-0.0010168799034356727,diagnostic_only_after_pair_neutralization_signal_lock
51908,11,3,7,0.20218369730613978,0.006728985490163417,0.005493917982245236,0.006474891579044916,0.0051684637417569535,-0.0013064278372879627,diagnostic_only_after_pair_neutralization_signal_lock
51927,11,3,7,0.18354690897323442,0.006067100989033478,0.00548809768733661,0.0054709463475886635,0.0048506993121642545,-0.000620247035424409,diagnostic_only_after_pair_neutralization_signal_lock
51929,11,3,7,0.11878803386130507,0.00500143633893926,0.004281070239287252,0.004766880850526024,0.004003797021652371,-0.0007630838288736532,diagnostic_only_after_pair_neutralization_signal_lock
51978,11,3,2,0.08686948749910195,0.005466252062065843,0.005009494214148498,0.0048149956056462665,0.004431465298172146,-0.0003835303074741208,diagnostic_only_after_pair_neutralization_signal_lock
52079,11,3,7,0.30698278441768195,0.003670317867019497,0.002439420699738632,0.00396131014618846,0.002641231209920063,-0.0013200789362683967,diagnostic_only_after_pair_neutralization_signal_lock
52094,11,6,7,0.16046646706217388,0.002463086592615625,0.0020463160917222954,0.0024164982944095987,0.0019180362069396491,-0.0004984620874699495,diagnostic_only_after_pair_neutralization_signal_lock
52105,11,3,2,0.06232396227589382,0.008069834570367676,0.007694140556013194,0.007886506310082215,0.007564475793544089,-0.0003220305165381257,diagnostic_only_after_pair_neutralization_signal_lock
52150,11,3,7,0.37370889379521205,0.004129215344020733,0.0022153863141482328,0.004376907021091899,0.002317830972315267,-0.0020590760487766324,diagnostic_only_after_pair_neutralization_signal_lock
52211,11,3,7,0.3029181104729498,0.003734708847918718,0.002515406175272075,0.003904385275701046,0.0025457312221553157,-0.0013586540535457303,diagnostic_only_after_pair_neutralization_signal_lock
52269,11,10,11,0.06452075726225465,0.006151939401045938,0.005375565817586507,0.0063590689732417605,0.005560515116888347,-0.0007985538563534131,diagnostic_only_after_pair_neutralization_signal_lock
52278,11,3,7,0.18732883042822726,0.005956132335685774,0.00478754118502189,0.005606521686050197,0.004371488193627652,-0.0012350334924225454,diagnostic_only_after_pair_neutralization_signal_lock
52320,11,3,7,0.15501462088553894,0.004940425754441756,0.0039721150981271505,0.004924116066834386,0.0039008063766619956,-0.0010233096901723906,diagnostic_only_after_pair_neutralization_signal_lock
52671,11,11,3,0.10654926084518707,-0.002113956970559723,-0.0017510058092372305,-0.001995983802711744,-0.0016608817148070234,0.0003351020879047207,diagnostic_only_after_pair_neutralization_signal_lock
52909,11,3,0,0.29037981562177934,0.005583442947705185,0.003982777299078828,0.004685939278873848,0.003422333087188153,-0.0012636061916856947,diagnostic_only_after_pair_neutralization_signal_lock
53001,11,6,1,0.09754713012034766,0.00491458015634522,0.004784356587879334,0.005199816219011732,0.0050432706502449645,-0.0001565455687667673,diagnostic_only_after_pair_neutralization_signal_lock
53665,11,3,10,0.09826490029391756,0.002834834794423748,0.0028051093223985368,0.002796379289010377,0.0028358778634411524,3.9498574430775306e-05,diagnostic_only_after_pair_neutralization_signal_lock
53816,11,3,7,0.34869185059208874,0.002506348622300804,0.0007396673539738851,0.0029750667608040068,0.0010950689443783,-0.0018799978164257068,diagnostic_only_after_pair_neutralization_signal_lock
54438,11,2,11,0.280416304592897,0.010080134128265202,0.006582740678471529,0.010217209618413955,0.006718604459996896,-0.003498605158417059,diagnostic_only_after_pair_neutralization_signal_lock
54618,11,3,11,0.12954621202860947,0.01036139188110283,0.008766778841616616,0.009721792585791953,0.008276084905215812,-0.0014457076805761415,diagnostic_only_after_pair_neutralization_signal_lock
54648,11,2,11,0.4167709876054083,0.008575479013338147,0.004060598051985405,0.008284973212058911,0.003801320976068304,-0.0044836522359906076,diagnostic_only_after_pair_neutralization_signal_lock
54737,11,10,11,0.39372724666730247,0.009398601207025323,0.004731965405649775,0.009716390366903329,0.004909160854387202,-0.004807229512516127,diagnostic_only_after_pair_neutralization_signal_lock
54844,11,3,7,0.10084897350059763,0.005092443947633414,0.00446724839212685,0.005044389875256291,0.004383419987001728,-0.0006609698882545628,diagnostic_only_after_pair_neutralization_signal_lock
54962,11,3,2,0.18292821081009245,0.003093991233699592,0.002856147850846692,0.002847756397377152,0.0027274488747929546,-0.00012030752258419732,diagnostic_only_after_pair_neutralization_signal_lock
55064,11,3,7,0.3534517753847243,0.005848091801382776,0.0037451051374394395,0.006012256419227301,0.0037855816712833042,-0.0022266747479439968,diagnostic_only_after_pair_neutralization_signal_lock
